SegmentID,Time_Period,Avg_Risk_Score,Avg_Volume,Category,PULocationID,PU_in_taxi_clean,Segment_in_traffic
2696,All_Day,0.4865615,0.32759255,Safe Flow,84.0,True,True
4917,All_Day,0.47710595,0.021170687,Safe Flow,118.0,True,True
4918,All_Day,0.74575865,0.2021816,Hidden Danger,118.0,True,True
5491,All_Day,0.52990925,1.9630358,Safe Congestion,23.0,True,True
7384,All_Day,0.670716,0.31900445,Safe Flow,176.0,True,True
7431,All_Day,0.447858,0.41072363,Safe Flow,176.0,True,True
7566,All_Day,0.68480974,0.9294823,Safe Flow,118.0,True,True
7570,All_Day,0.3574784,2.3480718,Safe Congestion,176.0,True,True
8070,All_Day,0.47901312,3.0442464,Safe Congestion,118.0,True,True
8127,All_Day,0.28756618,3.7933323,Safe Congestion,118.0,True,True
8841,All_Day,0.6603887,1.2466124,Safe Flow,251.0,True,True
9017,All_Day,0.4211464,1.081057,Safe Flow,251.0,True,True
10198,All_Day,0.39848208,0.12467353,Safe Flow,206.0,True,True
10669,All_Day,0.44741672,0.52579504,Safe Flow,172.0,True,True
11060,All_Day,0.4689607,0.7283761,Safe Flow,172.0,True,True
12562,All_Day,0.504272,0.294884,Safe Flow,206.0,True,True
12620,All_Day,0.26028696,0.006083884,Safe Flow,251.0,True,True
12646,All_Day,0.40077555,0.0017821478,Safe Flow,206.0,True,True
12675,All_Day,0.44688436,0.111937314,Safe Flow,206.0,True,True
12676,All_Day,0.5418361,0.13335381,Safe Flow,206.0,True,True
12806,All_Day,0.50882286,0.06372715,Safe Flow,118.0,True,True
12946,All_Day,0.36871216,0.11716086,Safe Flow,118.0,True,True
12974,All_Day,0.6922886,0.018558918,Safe Flow,115.0,True,True
12986,All_Day,0.54281485,0.0075894915,Safe Flow,245.0,True,True
13483,All_Day,0.404053,0.002734675,Safe Flow,245.0,True,True
13496,All_Day,0.62512463,0.0018436011,Safe Flow,115.0,True,True
15110,All_Day,0.46817443,2.2411122,Safe Congestion,115.0,True,True
15116,All_Day,0.4915498,0.9320633,Safe Flow,,False,True
16353,All_Day,0.34822556,0.0031955754,Safe Flow,206.0,True,True
17691,All_Day,0.54355365,0.1685666,Safe Flow,228.0,True,True
18635,All_Day,0.342152,0.3023045,Safe Flow,11.0,True,True
19219,All_Day,0.29626527,0.22805347,Safe Flow,21.0,True,True
19233,All_Day,0.6242761,0.0006145337,Safe Flow,21.0,True,True
19260,All_Day,0.44217074,0.12444308,Safe Flow,55.0,True,True
20262,All_Day,0.70354533,0.045874942,Safe Flow,22.0,True,True
20380,All_Day,0.66565424,0.059517592,Safe Flow,22.0,True,True
20383,All_Day,0.27151546,0.00024581348,Safe Flow,22.0,True,True
20651,All_Day,0.2659328,0.7453833,Safe Flow,228.0,True,True
20652,All_Day,0.5373063,0.19431557,Safe Flow,228.0,True,True
21211,All_Day,0.5884167,0.0016285144,Safe Flow,227.0,True,True
21214,All_Day,0.2757555,0.003441389,Safe Flow,227.0,True,True
21766,All_Day,0.56999135,0.0023045014,Safe Flow,195.0,True,True
21770,All_Day,0.42356673,0.009986173,Safe Flow,195.0,True,True
22023,All_Day,0.43706742,0.0,Safe Flow,54.0,True,True
22139,All_Day,0.48771513,11.129145,Safe Congestion,106.0,True,True
22212,All_Day,0.5445753,0.00076816714,Safe Flow,40.0,True,True
22242,All_Day,0.5039856,0.001659241,Safe Flow,52.0,True,True
22243,All_Day,0.3907276,0.0019972345,Safe Flow,52.0,True,True
22310,All_Day,0.27735186,0.031126132,Safe Flow,106.0,True,True
22341,All_Day,0.54319125,0.2036872,Safe Flow,106.0,True,True
22409,All_Day,0.38439736,1.4816408,Safe Flow,52.0,True,True
22477,All_Day,0.6941489,1.0270702,Safe Flow,106.0,True,True
23049,All_Day,0.54042166,0.00058380706,Safe Flow,261.0,True,True
23051,All_Day,0.62421745,0.0036411122,Safe Flow,261.0,True,True
23053,All_Day,0.5096209,0.0025195882,Safe Flow,261.0,True,True
23593,All_Day,0.14630339,0.015424796,Safe Flow,54.0,True,True
23631,All_Day,0.38232666,0.10732832,Safe Flow,54.0,True,True
23836,All_Day,0.515024,0.0023966816,Safe Flow,33.0,True,True
23842,All_Day,0.46765393,0.004977723,Safe Flow,33.0,True,True
24185,All_Day,0.70905507,0.3420802,Safe Flow,25.0,True,True
24672,All_Day,0.4380363,2.259241,Safe Congestion,97.0,True,True
25426,All_Day,0.6510873,3.5084345,Safe Congestion,108.0,True,True
25836,All_Day,0.4420475,0.060224306,Safe Flow,123.0,True,True
26185,All_Day,0.5471866,1.8951606,Safe Congestion,150.0,True,True
26210,All_Day,0.30914274,1.1349823,Safe Flow,150.0,True,True
26624,All_Day,0.482381,0.35778153,Safe Flow,178.0,True,True
27822,All_Day,0.47848362,10.775265,Safe Congestion,133.0,True,True
28642,All_Day,0.70196915,0.15744354,Safe Flow,89.0,True,True
28645,All_Day,0.49833617,0.752896,Safe Flow,89.0,True,True
28957,All_Day,0.70303166,0.028821632,Safe Flow,97.0,True,True
29256,All_Day,0.44438103,0.24037486,Safe Flow,49.0,True,True
29347,All_Day,0.64983714,0.8130281,Safe Flow,49.0,True,True
31906,All_Day,0.43779117,0.38798586,Safe Flow,125.0,True,True
32478,All_Day,0.5060142,0.4270702,Safe Flow,144.0,True,True
33814,All_Day,0.665233,0.5766477,Safe Flow,68.0,True,True
34118,All_Day,0.21539755,0.045260407,Safe Flow,142.0,True,True
34307,All_Day,0.60369766,0.34567523,Safe Flow,143.0,True,True
36388,All_Day,0.23308635,2.7973576,Safe Congestion,141.0,True,True
36403,All_Day,0.5776232,8.489967,Safe Congestion,140.0,True,True
38243,All_Day,0.77956563,0.94429255,Hidden Danger,166.0,True,True
38371,All_Day,0.6525465,1.76448,Safe Congestion,166.0,True,True
38500,All_Day,0.56916666,0.046243664,Safe Flow,166.0,True,True
41356,All_Day,0.7143607,0.6050392,Safe Flow,91.0,True,True
42864,All_Day,0.63915586,0.17139345,Safe Flow,39.0,True,True
43791,All_Day,0.60536814,0.13728683,Safe Flow,225.0,True,True
44203,All_Day,0.32843813,1.6939315,Safe Congestion,80.0,True,True
44587,All_Day,0.42326796,0.299831,Safe Flow,36.0,True,True
44604,All_Day,0.69719255,0.6341988,Safe Flow,36.0,True,True
44605,All_Day,0.7640124,0.09451529,Hidden Danger,36.0,True,True
44643,All_Day,0.42445412,0.05589184,Safe Flow,,False,True
45165,All_Day,0.50274557,0.0006145337,Safe Flow,36.0,True,True
45171,All_Day,0.38944453,0.0,Safe Flow,198.0,True,True
45262,All_Day,0.54289633,0.001075434,Safe Flow,36.0,True,True
45367,All_Day,0.5756649,0.16988784,Safe Flow,36.0,True,True
45369,All_Day,0.619995,0.19388539,Safe Flow,36.0,True,True
46643,All_Day,0.43701106,0.33983713,Safe Flow,39.0,True,True
47172,All_Day,0.54033816,0.09605162,Safe Flow,177.0,True,True
47174,All_Day,0.47877407,0.0048548165,Safe Flow,177.0,True,True
47180,All_Day,0.46384114,0.5565217,Safe Flow,177.0,True,True
48499,All_Day,0.7095304,0.10112152,Safe Flow,36.0,True,True
50963,All_Day,0.5172645,2.8251345,Safe Congestion,76.0,True,True
51176,All_Day,0.3176561,0.083238594,Safe Flow,180.0,True,True
51182,All_Day,0.3271923,0.08652635,Safe Flow,180.0,True,True
51190,All_Day,0.7200725,0.07617146,Hidden Danger,258.0,True,True
51789,All_Day,0.31095454,0.00039944693,Safe Flow,180.0,True,True
51791,All_Day,0.69835097,0.0026117684,Safe Flow,180.0,True,True
51806,All_Day,0.29243693,0.00058380706,Safe Flow,180.0,True,True
52002,All_Day,0.45084733,0.001567061,Safe Flow,258.0,True,True
52004,All_Day,0.74072206,0.19449992,Hidden Danger,197.0,True,True
54041,All_Day,0.6727704,0.73074204,Safe Flow,117.0,True,True
55939,All_Day,0.51090974,0.15839607,Safe Flow,134.0,True,True
59163,All_Day,0.6762063,1.7108619,Safe Congestion,218.0,True,True
59237,All_Day,0.43781912,1.6492856,Safe Congestion,10.0,True,True
60141,All_Day,0.5974368,0.38170224,Safe Flow,215.0,True,True
62117,All_Day,0.5235831,5.350192,Safe Congestion,86.0,True,True
62211,All_Day,0.51236475,3.2014902,Safe Congestion,86.0,True,True
65515,All_Day,0.77065575,0.6514672,Hidden Danger,191.0,True,True
65785,All_Day,0.6417147,2.0430174,Safe Congestion,38.0,True,True
65911,All_Day,0.5309974,3.1391919,Safe Congestion,112.0,True,True
65919,All_Day,0.68470883,0.48346904,Safe Flow,,False,True
66004,All_Day,0.5103657,0.0057151634,Safe Flow,80.0,True,True
66014,All_Day,0.54042405,0.003041942,Safe Flow,80.0,True,True
66068,All_Day,0.37510943,0.06126901,Safe Flow,226.0,True,True
66303,All_Day,0.43903002,0.38783222,Safe Flow,226.0,True,True
66420,All_Day,0.6909289,2.2948532,Safe Congestion,,False,True
66939,All_Day,0.41174272,0.9441081,Safe Flow,157.0,True,True
69628,All_Day,0.71891284,0.5311415,Hidden Danger,168.0,True,True
70600,All_Day,0.5228621,2.2677832,Safe Congestion,167.0,True,True
70601,All_Day,0.31033128,2.5131357,Safe Congestion,167.0,True,True
70931,All_Day,0.67102647,0.11651559,Safe Flow,244.0,True,True
71297,All_Day,0.42441857,1.5737902,Safe Flow,244.0,True,True
72152,All_Day,0.63415504,1.514795,Safe Flow,69.0,True,True
72898,All_Day,0.4199444,1.0407743,Safe Flow,127.0,True,True
72901,All_Day,0.5954568,0.07509602,Safe Flow,127.0,True,True
72902,All_Day,0.48800072,0.77412814,Safe Flow,127.0,True,True
76140,All_Day,0.7223319,2.3154402,Critical Bottleneck,129.0,True,True
76149,All_Day,0.38532144,0.028114919,Safe Flow,129.0,True,True
76771,All_Day,0.27916104,1.5743432,Safe Flow,129.0,True,True
76782,All_Day,0.41332394,2.887233,Safe Congestion,173.0,True,True
77104,All_Day,0.6275439,0.041204486,Safe Flow,,False,True
77341,All_Day,0.73080236,0.087478876,Hidden Danger,147.0,True,True
77346,All_Day,0.5399024,0.04369335,Safe Flow,147.0,True,True
77348,All_Day,0.53318316,0.048425257,Safe Flow,147.0,True,True
77349,All_Day,0.65196824,0.50444,Safe Flow,147.0,True,True
77482,All_Day,0.46057904,1.647657,Safe Congestion,147.0,True,True
77541,All_Day,0.45585853,1.6674451,Safe Congestion,126.0,True,True
77623,All_Day,0.6901145,1.007651,Safe Flow,126.0,True,True
77708,All_Day,0.37208343,0.6498694,Safe Flow,126.0,True,True
80001,All_Day,0.4343663,1.0499308,Safe Flow,94.0,True,True
80027,All_Day,0.4347249,0.05409433,Safe Flow,18.0,True,True
81629,All_Day,0.44421458,0.22074051,Safe Flow,82.0,True,True
81737,All_Day,0.28008345,0.06581656,Safe Flow,56.0,True,True
81740,All_Day,0.16791996,0.049746506,Safe Flow,56.0,True,True
85032,All_Day,0.46798587,0.00043017362,Safe Flow,252.0,True,True
85033,All_Day,0.49888045,0.0015056076,Safe Flow,252.0,True,True
85036,All_Day,0.30042893,0.004332463,Safe Flow,252.0,True,True
85037,All_Day,0.36083168,0.0008910739,Safe Flow,252.0,True,True
85045,All_Day,0.30821344,0.0011983408,Safe Flow,252.0,True,True
85311,All_Day,0.32544902,1.117929,Safe Flow,213.0,True,True
85317,All_Day,0.18099603,0.8224612,Safe Flow,213.0,True,True
85319,All_Day,0.5339738,0.42925182,Safe Flow,213.0,True,True
85321,All_Day,0.5535981,0.872853,Safe Flow,213.0,True,True
86524,All_Day,0.45240235,0.0058380705,Safe Flow,185.0,True,True
86526,All_Day,0.40453136,0.2647104,Safe Flow,185.0,True,True
86527,All_Day,0.6114876,0.232939,Safe Flow,185.0,True,True
87475,All_Day,0.4865615,0.23333846,Safe Flow,32.0,True,True
88569,All_Day,0.47710595,1.4490706,Safe Flow,51.0,True,True
88859,All_Day,0.74575865,0.15009986,Hidden Danger,259.0,True,True
88941,All_Day,0.52990925,0.0019972345,Safe Flow,259.0,True,True
89036,All_Day,0.670716,0.058196343,Safe Flow,259.0,True,True
89528,All_Day,0.447858,3.4323552,Safe Congestion,259.0,True,True
91650,All_Day,0.68480974,0.00055308035,Safe Flow,73.0,True,True
91653,All_Day,0.3574784,0.0,Safe Flow,73.0,True,True
91655,All_Day,0.47901312,0.0,Safe Flow,73.0,True,True
91656,All_Day,0.28756616,3.0726686e-05,Safe Flow,73.0,True,True
94261,All_Day,0.6603887,0.0022123214,Safe Flow,183.0,True,True
95433,All_Day,0.4211464,0.033077277,Safe Flow,184.0,True,True
97115,All_Day,0.39848208,0.12825319,Safe Flow,9.0,True,True
98571,All_Day,0.44741672,0.08274697,Safe Flow,16.0,True,True
98574,All_Day,0.4689607,0.43871564,Safe Flow,16.0,True,True
98575,All_Day,0.504272,0.022952834,Safe Flow,16.0,True,True
98592,All_Day,0.26028696,0.42544168,Safe Flow,16.0,True,True
99719,All_Day,0.40077555,0.0019972345,Safe Flow,,False,True
101869,All_Day,0.44688436,0.9316331,Safe Flow,64.0,True,True
102394,All_Day,0.5418361,1.2154863,Safe Flow,64.0,True,True
103303,All_Day,0.50882286,0.0013212475,Safe Flow,101.0,True,True
105945,All_Day,0.36871216,0.120510064,Safe Flow,133.0,True,True
106703,All_Day,0.6922886,0.37919804,Safe Flow,130.0,True,True
109335,All_Day,0.54281485,1.2456598,Safe Flow,17.0,True,True
109847,All_Day,0.404053,0.3579966,Safe Flow,89.0,True,True
110454,All_Day,0.62512463,2.0862806,Safe Congestion,80.0,True,True
110733,All_Day,0.46817443,0.19662006,Safe Flow,176.0,True,True
110808,All_Day,0.4915498,1.6912736,Safe Congestion,118.0,True,True
111161,All_Day,0.34822556,0.045321863,Safe Flow,43.0,True,True
111705,All_Day,0.54355365,7.3595943,Safe Congestion,223.0,True,True
112675,All_Day,0.342152,0.060961746,Safe Flow,180.0,True,True
112827,All_Day,0.29628184,0.01539407,Safe Flow,134.0,True,True
113109,All_Day,0.6242761,0.46726072,Safe Flow,69.0,True,True
113459,All_Day,0.44217074,0.7221386,Safe Flow,126.0,True,True
113473,All_Day,0.70350534,0.63942236,Safe Flow,47.0,True,True
113574,All_Day,0.66565424,1.1544938,Safe Flow,18.0,True,True
116301,All_Day,0.2715155,0.25988632,Safe Flow,226.0,True,True
116523,All_Day,0.26591593,0.025994776,Safe Flow,252.0,True,True
116524,All_Day,0.537313,0.49900138,Safe Flow,252.0,True,True
118511,All_Day,0.5884167,0.005315717,Safe Flow,206.0,True,True
119161,All_Day,0.2757555,0.13516669,Safe Flow,86.0,True,True
120736,All_Day,0.56999135,0.085082196,Safe Flow,145.0,True,True
120814,All_Day,0.42356673,0.120202795,Safe Flow,37.0,True,True
122013,All_Day,0.43706742,3.6573052,Safe Congestion,106.0,True,True
128698,All_Day,0.48771513,0.24719618,Safe Flow,39.0,True,True
128703,All_Day,0.5445753,0.21628514,Safe Flow,39.0,True,True
128713,All_Day,0.5039856,0.2847442,Safe Flow,39.0,True,True
132810,All_Day,0.3907276,0.012690121,Safe Flow,14.0,True,True
132895,All_Day,0.27735186,6.767553,Safe Congestion,191.0,True,True
134035,All_Day,0.5431913,2.9307728,Safe Congestion,70.0,True,True
134642,All_Day,0.38439736,0.0400676,Safe Flow,81.0,True,True
134678,All_Day,0.6941489,0.21474881,Safe Flow,168.0,True,True
135786,All_Day,0.54042166,1.7134737,Safe Congestion,80.0,True,True
136584,All_Day,0.6242174,0.05656783,Safe Flow,203.0,True,True
136703,All_Day,0.509631,0.1358734,Safe Flow,220.0,True,True
138592,All_Day,0.14626199,25.463696,Safe Congestion,38.0,True,True
138734,All_Day,0.38232666,0.75910276,Safe Flow,168.0,True,True
141511,All_Day,0.51502395,0.12511906,Safe Flow,14.0,True,True
141997,All_Day,0.46765393,0.6225534,Safe Flow,76.0,True,True
142287,All_Day,0.709055,0.362452,Safe Flow,256.0,True,True
142608,All_Day,0.43806136,0.83711785,Safe Flow,195.0,True,True
143289,All_Day,0.6510462,4.8100476,Safe Congestion,223.0,True,True
145345,All_Day,0.4420475,0.42842218,Safe Flow,126.0,True,True
145368,All_Day,0.5471866,2.4133046,Safe Congestion,70.0,True,True
145550,All_Day,0.30914274,0.007128591,Safe Flow,124.0,True,True
146439,All_Day,0.482381,2.5171301,Safe Congestion,138.0,True,True
146440,All_Day,0.47848362,4.548625,Safe Congestion,138.0,True,True
146575,All_Day,0.70196915,0.02021816,Safe Flow,51.0,True,True
147124,All_Day,0.49833617,12.6563225,Safe Congestion,253.0,True,True
147525,All_Day,0.7030316,0.0,Safe Flow,33.0,True,True
148076,All_Day,0.444381,0.3267783,Safe Flow,65.0,True,True
148556,All_Day,0.6498779,0.0020279612,Safe Flow,65.0,True,True
149198,All_Day,0.43779117,0.063911505,Safe Flow,118.0,True,True
149278,All_Day,0.5060036,1.811584,Safe Congestion,99.0,True,True
149677,All_Day,0.665233,0.9755723,Safe Flow,117.0,True,True
150372,All_Day,0.21539755,2.7801967,Safe Congestion,,False,True
151257,All_Day,0.60369766,0.554248,Safe Flow,95.0,True,True
154461,All_Day,0.23308082,0.5591028,Safe Flow,126.0,True,True
155310,All_Day,0.5776232,5.6281457,Safe Congestion,99.0,True,True
155613,All_Day,0.77956563,12.432263,Critical Bottleneck,191.0,True,True
156013,All_Day,0.6525465,0.5893993,Safe Flow,83.0,True,True
156016,All_Day,0.56916666,4.6019974,Safe Congestion,,False,True
156030,All_Day,0.7143607,0.12628669,Safe Flow,83.0,True,True
156148,All_Day,0.63915586,1.7561224,Safe Congestion,215.0,True,True
156182,All_Day,0.60536814,14.976524,Safe Congestion,203.0,True,True
156766,All_Day,0.32843813,5.24102,Safe Congestion,,False,True
157532,All_Day,0.42326796,0.39926255,Safe Flow,21.0,True,True
157643,All_Day,0.69719255,0.0038715624,Safe Flow,63.0,True,True
157647,All_Day,0.7640124,1.9858965,Critical Bottleneck,150.0,True,True
157874,All_Day,0.4244541,0.5329544,Safe Flow,21.0,True,True
157983,All_Day,0.50274557,0.0026732218,Safe Flow,65.0,True,True
158075,All_Day,0.38944453,0.5973575,Safe Flow,65.0,True,True
158626,All_Day,0.54289633,0.9828545,Safe Flow,237.0,True,True
158858,All_Day,0.5756649,7.5279765,Safe Congestion,142.0,True,True
159186,All_Day,0.619995,4.902443,Safe Congestion,144.0,True,True
160109,All_Day,0.43701103,0.0014441543,Safe Flow,23.0,True,True
160427,All_Day,0.54033816,0.001567061,Safe Flow,245.0,True,True
160985,All_Day,0.47877407,0.6034414,Safe Flow,14.0,True,True
161549,All_Day,0.46384114,0.34407744,Safe Flow,108.0,True,True
161584,All_Day,0.7095304,0.0029190353,Safe Flow,108.0,True,True
161619,All_Day,0.5172645,2.3907206,Safe Congestion,55.0,True,True
161623,All_Day,0.31765607,0.0022737747,Safe Flow,55.0,True,True
161764,All_Day,0.3271923,5.2222767,Safe Congestion,228.0,True,True
161926,All_Day,0.7200725,0.012966662,Hidden Danger,195.0,True,True
162456,All_Day,0.31095454,0.25715163,Safe Flow,54.0,True,True
162628,All_Day,0.69835097,0.0014441543,Safe Flow,65.0,True,True
163568,All_Day,0.29243693,0.17990474,Safe Flow,133.0,True,True
163946,All_Day,0.45084733,0.24077432,Safe Flow,217.0,True,True
164862,All_Day,0.74072206,0.021447226,Hidden Danger,142.0,True,True
165305,All_Day,0.6727704,1.0138577,Safe Flow,80.0,True,True
165612,All_Day,0.51090974,1.6791519,Safe Congestion,229.0,True,True
165861,All_Day,0.6762063,0.0022123214,Safe Flow,,False,True
166298,All_Day,0.43781912,0.05119066,Safe Flow,166.0,True,True
166969,All_Day,0.5974367,0.33614996,Safe Flow,154.0,True,True
167282,All_Day,0.5235892,0.691289,Safe Flow,91.0,True,True
167890,All_Day,0.51236475,0.0,Safe Flow,39.0,True,True
168595,All_Day,0.77065575,0.6024889,Hidden Danger,63.0,True,True
168600,All_Day,0.6417083,0.002826855,Safe Flow,63.0,True,True
171170,All_Day,0.5309974,1.4994622,Safe Flow,215.0,True,True
173408,All_Day,0.68470883,0.7334767,Safe Flow,247.0,True,True
173430,All_Day,0.5103327,0.8731295,Safe Flow,247.0,True,True
173441,All_Day,0.54042405,0.2564142,Safe Flow,247.0,True,True
173860,All_Day,0.37510943,1.6316485,Safe Flow,120.0,True,True
175565,All_Day,0.43903002,0.85924107,Safe Flow,138.0,True,True
175598,All_Day,0.6909289,0.3914887,Safe Flow,126.0,True,True
179198,All_Day,0.41174275,0.3152558,Safe Flow,121.0,True,True
184222,All_Day,0.71891284,0.74813336,Hidden Danger,126.0,True,True
184850,All_Day,0.5228621,0.005223537,Safe Flow,124.0,True,True
185961,All_Day,0.31033128,0.14711937,Safe Flow,247.0,True,True
186606,All_Day,0.67102647,0.111384235,Safe Flow,21.0,True,True
186614,All_Day,0.42441857,2.418098,Safe Congestion,181.0,True,True
188144,All_Day,0.63415504,0.104808725,Safe Flow,80.0,True,True
189271,All_Day,0.4199444,3.3221385,Safe Congestion,,False,True
190429,All_Day,0.5954568,1.8385005,Safe Congestion,126.0,True,True
191274,All_Day,0.48800072,0.004793363,Safe Flow,76.0,True,True
192731,All_Day,0.7223318,4.2801046,Critical Bottleneck,64.0,True,True
196367,All_Day,0.38531783,0.0015977877,Safe Flow,124.0,True,True
221956,All_Day,0.2791222,2.0243049,Safe Congestion,200.0,True,True
229198,All_Day,0.41332394,1.7331694,Safe Congestion,221.0,True,True
232261,All_Day,0.627544,0.00033799355,Safe Flow,154.0,True,True
233467,All_Day,0.73080236,1.0318022,Hidden Danger,64.0,True,True
239592,All_Day,0.5399024,0.29777232,Safe Flow,66.0,True,True
247930,All_Day,0.53319603,0.064372405,Safe Flow,66.0,True,True
251526,All_Day,0.6519724,0.73581195,Safe Flow,247.0,True,True
251715,All_Day,0.46060288,0.29807958,Safe Flow,190.0,True,True
253123,All_Day,0.45585853,11.65328,Safe Congestion,257.0,True,True
253127,All_Day,0.6901145,8.877861,Safe Congestion,257.0,True,True
256272,All_Day,0.37208343,0.0033492087,Safe Flow,206.0,True,True
256804,All_Day,0.4343663,0.43115687,Safe Flow,259.0,True,True
259835,All_Day,0.4347249,0.021078506,Safe Flow,54.0,True,True
261873,All_Day,0.44421455,9.218006e-05,Safe Flow,261.0,True,True
265658,All_Day,0.28008345,0.008326932,Safe Flow,245.0,True,True
265921,All_Day,0.16791996,1.1355969,Safe Flow,33.0,True,True
270791,All_Day,0.46801344,0.09964664,Safe Flow,153.0,True,True
270793,All_Day,0.4988855,0.8798587,Safe Flow,153.0,True,True
270796,All_Day,0.30038953,1.5446613,Safe Flow,153.0,True,True
270800,All_Day,0.3608317,1.6256261,Safe Flow,153.0,True,True
9000863,All_Day,0.30821344,0.51113844,Safe Flow,39.0,True,True
9004982,All_Day,0.325449,0.1764019,Safe Flow,39.0,True,True
9009104,All_Day,0.18100667,0.034045167,Safe Flow,,False,True
9009363,All_Day,0.5339738,8.248517,Safe Congestion,228.0,True,True
9014212,All_Day,0.5535981,0.6284529,Safe Flow,,False,True
9014216,All_Day,0.45240235,5.4632664,Safe Congestion,,False,True
9014418,All_Day,0.40453136,0.017637119,Safe Flow,60.0,True,True
9017010,All_Day,0.6114876,0.37033337,Safe Flow,41.0,True,True
2696,Morning_Rush,0.48826712,0.4859619,Safe Flow,84.0,True,True
4917,Morning_Rush,0.48621485,0.0,Safe Flow,118.0,True,True
4918,Morning_Rush,0.7471263,0.23022461,Hidden Danger,118.0,True,True
5491,Morning_Rush,0.52901477,2.038086,Safe Congestion,23.0,True,True
7384,Morning_Rush,0.6730792,0.49389648,Safe Flow,176.0,True,True
7431,Morning_Rush,0.44844133,0.42211914,Safe Flow,176.0,True,True
7566,Morning_Rush,0.68617,1.1877441,Safe Flow,118.0,True,True
7570,Morning_Rush,0.36347124,2.4626465,Safe Congestion,176.0,True,True
8070,Morning_Rush,0.47815815,3.7485352,Safe Congestion,118.0,True,True
8127,Morning_Rush,0.2862735,3.69458,Safe Congestion,118.0,True,True
8841,Morning_Rush,0.6688566,1.8249512,Safe Congestion,251.0,True,True
9017,Morning_Rush,0.4293206,1.1008301,Safe Flow,251.0,True,True
10198,Morning_Rush,0.39646715,0.25805664,Safe Flow,206.0,True,True
10669,Morning_Rush,0.44788188,0.49194336,Safe Flow,172.0,True,True
11060,Morning_Rush,0.46976236,1.7993164,Safe Flow,172.0,True,True
12562,Morning_Rush,0.5095641,0.38671875,Safe Flow,206.0,True,True
12620,Morning_Rush,0.26546025,0.048339844,Safe Flow,251.0,True,True
12646,Morning_Rush,0.4011044,0.014160156,Safe Flow,206.0,True,True
12675,Morning_Rush,0.44658476,0.20727539,Safe Flow,206.0,True,True
12676,Morning_Rush,0.5452976,0.25561523,Safe Flow,206.0,True,True
12806,Morning_Rush,0.5091032,0.03491211,Safe Flow,118.0,True,True
12946,Morning_Rush,0.3694455,0.057617188,Safe Flow,118.0,True,True
12974,Morning_Rush,0.69855785,0.14746094,Safe Flow,115.0,True,True
12986,Morning_Rush,0.5471389,0.060302734,Safe Flow,245.0,True,True
13483,Morning_Rush,0.40587384,0.021728516,Safe Flow,245.0,True,True
13496,Morning_Rush,0.6282385,0.0146484375,Safe Flow,115.0,True,True
15110,Morning_Rush,0.46900007,3.3769531,Safe Congestion,115.0,True,True
15116,Morning_Rush,0.48975182,1.0571289,Safe Flow,,False,True
16353,Morning_Rush,0.3468182,0.025390625,Safe Flow,206.0,True,True
17691,Morning_Rush,0.5367179,0.20532227,Safe Flow,228.0,True,True
18635,Morning_Rush,0.3414376,0.23144531,Safe Flow,11.0,True,True
19219,Morning_Rush,0.29844454,0.22070312,Safe Flow,21.0,True,True
19233,Morning_Rush,0.62318295,0.0048828125,Safe Flow,21.0,True,True
19260,Morning_Rush,0.44176307,0.17773438,Safe Flow,55.0,True,True
20262,Morning_Rush,0.703227,0.040527344,Safe Flow,22.0,True,True
20380,Morning_Rush,0.66749376,0.0107421875,Safe Flow,22.0,True,True
20383,Morning_Rush,0.27258506,0.001953125,Safe Flow,22.0,True,True
20651,Morning_Rush,0.26468065,1.1358643,Safe Flow,228.0,True,True
20652,Morning_Rush,0.5396928,0.37841797,Safe Flow,228.0,True,True
21211,Morning_Rush,0.5882305,0.012939453,Safe Flow,227.0,True,True
21214,Morning_Rush,0.27674252,0.02734375,Safe Flow,227.0,True,True
21766,Morning_Rush,0.5679038,0.0,Safe Flow,195.0,True,True
21770,Morning_Rush,0.4265401,0.0,Safe Flow,195.0,True,True
22023,Morning_Rush,0.44034272,0.0,Safe Flow,54.0,True,True
22139,Morning_Rush,0.49231738,20.262207,Safe Congestion,106.0,True,True
22212,Morning_Rush,0.5409733,0.0,Safe Flow,40.0,True,True
22242,Morning_Rush,0.50687695,0.0,Safe Flow,52.0,True,True
22243,Morning_Rush,0.39530748,0.0,Safe Flow,52.0,True,True
22310,Morning_Rush,0.28188992,0.0,Safe Flow,106.0,True,True
22341,Morning_Rush,0.54331076,0.27294922,Safe Flow,106.0,True,True
22409,Morning_Rush,0.38790315,1.6342773,Safe Flow,52.0,True,True
22477,Morning_Rush,0.69825774,1.0556641,Safe Flow,106.0,True,True
23049,Morning_Rush,0.5461504,0.0,Safe Flow,261.0,True,True
23051,Morning_Rush,0.6330738,0.012329102,Safe Flow,261.0,True,True
23053,Morning_Rush,0.51015645,0.0,Safe Flow,261.0,True,True
23593,Morning_Rush,0.14797157,0.0,Safe Flow,54.0,True,True
23631,Morning_Rush,0.38923287,0.10668945,Safe Flow,54.0,True,True
23836,Morning_Rush,0.5162834,0.0,Safe Flow,33.0,True,True
23842,Morning_Rush,0.47992435,0.0,Safe Flow,33.0,True,True
24185,Morning_Rush,0.71007764,0.5214844,Safe Flow,25.0,True,True
24672,Morning_Rush,0.44791412,2.7946777,Safe Congestion,97.0,True,True
25426,Morning_Rush,0.6482522,6.4370117,Safe Congestion,108.0,True,True
25836,Morning_Rush,0.4436714,0.08935547,Safe Flow,123.0,True,True
26185,Morning_Rush,0.54429275,1.3625488,Safe Flow,150.0,True,True
26210,Morning_Rush,0.31109756,1.0002441,Safe Flow,150.0,True,True
26624,Morning_Rush,0.48468035,0.49926758,Safe Flow,178.0,True,True
27822,Morning_Rush,0.48255193,8.066895,Safe Congestion,133.0,True,True
28642,Morning_Rush,0.70679843,0.203125,Safe Flow,89.0,True,True
28645,Morning_Rush,0.49743646,1.0610352,Safe Flow,89.0,True,True
28957,Morning_Rush,0.7083398,0.0,Safe Flow,97.0,True,True
29256,Morning_Rush,0.44895342,0.07910156,Safe Flow,49.0,True,True
29347,Morning_Rush,0.649805,0.98828125,Safe Flow,49.0,True,True
31906,Morning_Rush,0.43734124,0.22558594,Safe Flow,125.0,True,True
32478,Morning_Rush,0.51107776,0.46276855,Safe Flow,144.0,True,True
33814,Morning_Rush,0.6708385,0.4794922,Safe Flow,68.0,True,True
34118,Morning_Rush,0.2252969,0.31567383,Safe Flow,142.0,True,True
34307,Morning_Rush,0.6143104,0.5255127,Safe Flow,143.0,True,True
36388,Morning_Rush,0.23977187,3.0576172,Safe Congestion,141.0,True,True
36403,Morning_Rush,0.5841409,9.970947,Safe Congestion,140.0,True,True
38243,Morning_Rush,0.7791336,1.0935059,Hidden Danger,166.0,True,True
38371,Morning_Rush,0.6523298,1.7907715,Safe Flow,166.0,True,True
38500,Morning_Rush,0.5714734,0.048583984,Safe Flow,166.0,True,True
41356,Morning_Rush,0.72084224,0.49365234,Safe Flow,91.0,True,True
42864,Morning_Rush,0.6437329,0.36914062,Safe Flow,39.0,True,True
43791,Morning_Rush,0.61426,0.0,Safe Flow,225.0,True,True
44203,Morning_Rush,0.33187827,1.4150391,Safe Flow,80.0,True,True
44587,Morning_Rush,0.42969942,0.38989258,Safe Flow,36.0,True,True
44604,Morning_Rush,0.6945596,0.49902344,Safe Flow,36.0,True,True
44605,Morning_Rush,0.76091003,0.106933594,Hidden Danger,36.0,True,True
44643,Morning_Rush,0.4271827,0.4440918,Safe Flow,,False,True
45165,Morning_Rush,0.5034556,0.0048828125,Safe Flow,36.0,True,True
45171,Morning_Rush,0.39177525,0.0,Safe Flow,198.0,True,True
45262,Morning_Rush,0.541526,0.008544922,Safe Flow,36.0,True,True
45367,Morning_Rush,0.5810597,0.08935547,Safe Flow,36.0,True,True
45369,Morning_Rush,0.6182391,0.103515625,Safe Flow,36.0,True,True
46643,Morning_Rush,0.4409657,0.43969727,Safe Flow,39.0,True,True
47172,Morning_Rush,0.5444182,0.08886719,Safe Flow,177.0,True,True
47174,Morning_Rush,0.4822792,0.03857422,Safe Flow,177.0,True,True
47180,Morning_Rush,0.4629732,1.092041,Safe Flow,177.0,True,True
48499,Morning_Rush,0.7107689,0.0,Safe Flow,36.0,True,True
50963,Morning_Rush,0.51711386,3.3190918,Safe Congestion,76.0,True,True
51176,Morning_Rush,0.31462798,0.084228516,Safe Flow,180.0,True,True
51182,Morning_Rush,0.32726806,0.11035156,Safe Flow,180.0,True,True
51190,Morning_Rush,0.72628766,0.07861328,Hidden Danger,258.0,True,True
51789,Morning_Rush,0.30831596,0.0,Safe Flow,180.0,True,True
51791,Morning_Rush,0.6967168,0.0,Safe Flow,180.0,True,True
51806,Morning_Rush,0.2936065,0.0,Safe Flow,180.0,True,True
52002,Morning_Rush,0.4478656,0.0,Safe Flow,258.0,True,True
52004,Morning_Rush,0.7410067,0.31030273,Hidden Danger,197.0,True,True
54041,Morning_Rush,0.672474,0.87353516,Safe Flow,117.0,True,True
55939,Morning_Rush,0.51198316,0.15673828,Safe Flow,134.0,True,True
59163,Morning_Rush,0.6790166,1.8498535,Safe Congestion,218.0,True,True
59237,Morning_Rush,0.44161895,2.4221191,Safe Congestion,10.0,True,True
60141,Morning_Rush,0.6067378,0.6134033,Safe Flow,215.0,True,True
62117,Morning_Rush,0.52316904,7.0322266,Safe Congestion,86.0,True,True
62211,Morning_Rush,0.5125579,3.8707275,Safe Congestion,86.0,True,True
65515,Morning_Rush,0.77267736,0.6220703,Hidden Danger,191.0,True,True
65785,Morning_Rush,0.6407774,1.4016113,Safe Flow,38.0,True,True
65911,Morning_Rush,0.5277607,4.135132,Safe Congestion,112.0,True,True
65919,Morning_Rush,0.6868547,0.7261963,Safe Flow,,False,True
66004,Morning_Rush,0.508968,0.0009765625,Safe Flow,80.0,True,True
66014,Morning_Rush,0.54302794,0.0007324219,Safe Flow,80.0,True,True
66068,Morning_Rush,0.37722042,0.08911133,Safe Flow,226.0,True,True
66303,Morning_Rush,0.43862277,0.2932129,Safe Flow,226.0,True,True
66420,Morning_Rush,0.696584,2.348877,Safe Congestion,,False,True
66939,Morning_Rush,0.41013995,1.0834961,Safe Flow,157.0,True,True
69628,Morning_Rush,0.72308874,0.70043945,Hidden Danger,168.0,True,True
70600,Morning_Rush,0.5325564,2.5419922,Safe Congestion,167.0,True,True
70601,Morning_Rush,0.30858934,3.331543,Safe Congestion,167.0,True,True
70931,Morning_Rush,0.6737646,0.057861328,Safe Flow,244.0,True,True
71297,Morning_Rush,0.42708415,1.5229492,Safe Flow,244.0,True,True
72152,Morning_Rush,0.64081013,1.8293457,Safe Congestion,69.0,True,True
72898,Morning_Rush,0.42593944,0.72924805,Safe Flow,127.0,True,True
72901,Morning_Rush,0.5953737,0.080078125,Safe Flow,127.0,True,True
72902,Morning_Rush,0.49897283,0.6191406,Safe Flow,127.0,True,True
76140,Morning_Rush,0.7182521,3.3989258,Safe Congestion,129.0,True,True
76149,Morning_Rush,0.38761228,0.22338867,Safe Flow,129.0,True,True
76771,Morning_Rush,0.28430548,1.3295898,Safe Flow,129.0,True,True
76782,Morning_Rush,0.4240286,4.220215,Safe Congestion,173.0,True,True
77104,Morning_Rush,0.6337421,0.06933594,Safe Flow,,False,True
77341,Morning_Rush,0.73300916,0.41796875,Hidden Danger,147.0,True,True
77346,Morning_Rush,0.54118574,0.203125,Safe Flow,147.0,True,True
77348,Morning_Rush,0.542869,0.22680664,Safe Flow,147.0,True,True
77349,Morning_Rush,0.6615669,1.0966797,Safe Flow,147.0,True,True
77482,Morning_Rush,0.46657598,1.9627686,Safe Congestion,147.0,True,True
77541,Morning_Rush,0.4601719,1.9084473,Safe Congestion,126.0,True,True
77623,Morning_Rush,0.6927726,1.4106445,Safe Flow,126.0,True,True
77708,Morning_Rush,0.37394014,0.76538086,Safe Flow,126.0,True,True
80001,Morning_Rush,0.43273634,0.9812012,Safe Flow,94.0,True,True
80027,Morning_Rush,0.44920537,0.05834961,Safe Flow,18.0,True,True
81629,Morning_Rush,0.44588318,0.33081055,Safe Flow,82.0,True,True
81737,Morning_Rush,0.28480884,0.4333496,Safe Flow,56.0,True,True
81740,Morning_Rush,0.16947676,0.3239746,Safe Flow,56.0,True,True
85032,Morning_Rush,0.47228304,0.0,Safe Flow,252.0,True,True
85033,Morning_Rush,0.5065422,0.011962891,Safe Flow,252.0,True,True
85036,Morning_Rush,0.31060046,0.009277344,Safe Flow,252.0,True,True
85037,Morning_Rush,0.37292588,0.0,Safe Flow,252.0,True,True
85045,Morning_Rush,0.30936065,0.009521484,Safe Flow,252.0,True,True
85311,Morning_Rush,0.33406553,1.0598145,Safe Flow,213.0,True,True
85317,Morning_Rush,0.18173482,1.0068359,Safe Flow,213.0,True,True
85319,Morning_Rush,0.53871,0.50219727,Safe Flow,213.0,True,True
85321,Morning_Rush,0.5522964,1.1008301,Safe Flow,213.0,True,True
86524,Morning_Rush,0.44961634,0.04638672,Safe Flow,185.0,True,True
86526,Morning_Rush,0.40504342,0.33422852,Safe Flow,185.0,True,True
86527,Morning_Rush,0.6118891,0.3466797,Safe Flow,185.0,True,True
87475,Morning_Rush,0.48950994,0.2355957,Safe Flow,32.0,True,True
88569,Morning_Rush,0.48742318,1.8039551,Safe Congestion,51.0,True,True
88859,Morning_Rush,0.74782133,0.20019531,Hidden Danger,259.0,True,True
88941,Morning_Rush,0.5294875,0.01586914,Safe Flow,259.0,True,True
89036,Morning_Rush,0.67414457,0.049560547,Safe Flow,259.0,True,True
89528,Morning_Rush,0.44748965,3.6396484,Safe Congestion,259.0,True,True
91650,Morning_Rush,0.6858143,0.0043945312,Safe Flow,73.0,True,True
91653,Morning_Rush,0.36534065,0.0,Safe Flow,73.0,True,True
91655,Morning_Rush,0.47949132,0.0,Safe Flow,73.0,True,True
91656,Morning_Rush,0.28856596,0.00024414062,Safe Flow,73.0,True,True
94261,Morning_Rush,0.6694685,0.013916016,Safe Flow,183.0,True,True
95433,Morning_Rush,0.43158633,0.26281738,Safe Flow,184.0,True,True
97115,Morning_Rush,0.39645463,0.19604492,Safe Flow,9.0,True,True
98571,Morning_Rush,0.44880038,0.17358398,Safe Flow,16.0,True,True
98574,Morning_Rush,0.46956944,0.6057129,Safe Flow,16.0,True,True
98575,Morning_Rush,0.506002,0.048828125,Safe Flow,16.0,True,True
98592,Morning_Rush,0.26356426,0.6916504,Safe Flow,16.0,True,True
99719,Morning_Rush,0.40416467,0.0,Safe Flow,,False,True
101869,Morning_Rush,0.4452587,1.5866699,Safe Flow,64.0,True,True
102394,Morning_Rush,0.5468186,1.9560547,Safe Congestion,64.0,True,True
103303,Morning_Rush,0.50932264,0.010498047,Safe Flow,101.0,True,True
105945,Morning_Rush,0.36958298,0.11328125,Safe Flow,133.0,True,True
106703,Morning_Rush,0.6983084,0.47583008,Safe Flow,130.0,True,True
109335,Morning_Rush,0.54849243,1.7716064,Safe Flow,17.0,True,True
109847,Morning_Rush,0.40619284,0.48535156,Safe Flow,89.0,True,True
110454,Morning_Rush,0.6304256,3.0644531,Safe Congestion,80.0,True,True
110733,Morning_Rush,0.46917292,0.3996582,Safe Flow,176.0,True,True
110808,Morning_Rush,0.49137792,2.1365967,Safe Congestion,118.0,True,True
111161,Morning_Rush,0.3459523,0.032958984,Safe Flow,43.0,True,True
111705,Morning_Rush,0.5376752,7.7766113,Safe Congestion,223.0,True,True
112675,Morning_Rush,0.3412573,0.0793457,Safe Flow,180.0,True,True
112827,Morning_Rush,0.30040836,0.016113281,Safe Flow,134.0,True,True
113109,Morning_Rush,0.6237103,0.5234375,Safe Flow,69.0,True,True
113459,Morning_Rush,0.4420681,0.7373047,Safe Flow,126.0,True,True
113473,Morning_Rush,0.7016919,0.8540039,Safe Flow,47.0,True,True
113574,Morning_Rush,0.66777915,0.98168945,Safe Flow,18.0,True,True
116301,Morning_Rush,0.2738868,0.41015625,Safe Flow,226.0,True,True
116523,Morning_Rush,0.26540336,0.17773438,Safe Flow,252.0,True,True
116524,Morning_Rush,0.53955895,0.5095215,Safe Flow,252.0,True,True
118511,Morning_Rush,0.588677,0.035888672,Safe Flow,206.0,True,True
119161,Morning_Rush,0.27580056,0.1352539,Safe Flow,86.0,True,True
120736,Morning_Rush,0.568935,0.076660156,Safe Flow,145.0,True,True
120814,Morning_Rush,0.42650825,0.19604492,Safe Flow,37.0,True,True
122013,Morning_Rush,0.44075596,6.5737305,Safe Congestion,106.0,True,True
128698,Morning_Rush,0.4900095,0.30517578,Safe Flow,39.0,True,True
128703,Morning_Rush,0.5405757,0.5270996,Safe Flow,39.0,True,True
128713,Morning_Rush,0.5075327,0.6320801,Safe Flow,39.0,True,True
132810,Morning_Rush,0.39880928,0.0,Safe Flow,14.0,True,True
132895,Morning_Rush,0.2878043,8.131836,Safe Congestion,191.0,True,True
134035,Morning_Rush,0.54554045,5.041992,Safe Congestion,70.0,True,True
134642,Morning_Rush,0.3894304,0.2355957,Safe Flow,81.0,True,True
134678,Morning_Rush,0.7000004,0.2980957,Safe Flow,168.0,True,True
135786,Morning_Rush,0.5489521,2.3903809,Safe Congestion,80.0,True,True
136584,Morning_Rush,0.6349935,0.4494629,Safe Flow,203.0,True,True
136703,Morning_Rush,0.51276374,0.19067383,Safe Flow,220.0,True,True
138592,Morning_Rush,0.15123798,29.470703,Safe Congestion,38.0,True,True
138734,Morning_Rush,0.39059213,0.78393555,Safe Flow,168.0,True,True
141511,Morning_Rush,0.51665896,0.67529297,Safe Flow,14.0,True,True
141997,Morning_Rush,0.47676253,0.50439453,Safe Flow,76.0,True,True
142287,Morning_Rush,0.7073555,0.0,Safe Flow,256.0,True,True
142608,Morning_Rush,0.44912678,0.33666992,Safe Flow,195.0,True,True
143289,Morning_Rush,0.64752656,6.326172,Safe Congestion,223.0,True,True
145345,Morning_Rush,0.44301394,0.8244629,Safe Flow,126.0,True,True
145368,Morning_Rush,0.54600245,1.828125,Safe Congestion,70.0,True,True
145550,Morning_Rush,0.3103236,0.0,Safe Flow,124.0,True,True
146439,Morning_Rush,0.48527053,2.7363281,Safe Congestion,138.0,True,True
146440,Morning_Rush,0.4832806,4.961914,Safe Congestion,138.0,True,True
146575,Morning_Rush,0.7037006,0.16064453,Safe Flow,51.0,True,True
147124,Morning_Rush,0.50157833,14.349609,Safe Congestion,253.0,True,True
147525,Morning_Rush,0.7082343,0.0,Safe Flow,33.0,True,True
148076,Morning_Rush,0.44905978,0.4543457,Safe Flow,65.0,True,True
148556,Morning_Rush,0.6506429,0.0,Safe Flow,65.0,True,True
149198,Morning_Rush,0.4380568,0.03149414,Safe Flow,118.0,True,True
149278,Morning_Rush,0.51183456,1.2590332,Safe Flow,99.0,True,True
149677,Morning_Rush,0.67267036,1.1784668,Safe Flow,117.0,True,True
150372,Morning_Rush,0.22969453,1.8531494,Safe Congestion,,False,True
151257,Morning_Rush,0.61303365,0.607666,Safe Flow,95.0,True,True
154461,Morning_Rush,0.23536961,0.83154297,Safe Flow,126.0,True,True
155310,Morning_Rush,0.5861166,3.4560547,Safe Congestion,99.0,True,True
155613,Morning_Rush,0.77893907,15.473877,Critical Bottleneck,191.0,True,True
156013,Morning_Rush,0.65195066,0.41503906,Safe Flow,83.0,True,True
156016,Morning_Rush,0.5701986,4.054199,Safe Congestion,,False,True
156030,Morning_Rush,0.7239042,0.46850586,Hidden Danger,83.0,True,True
156148,Morning_Rush,0.64434445,1.5268555,Safe Flow,215.0,True,True
156182,Morning_Rush,0.6102512,16.455078,Safe Congestion,203.0,True,True
156766,Morning_Rush,0.33333087,8.892822,Safe Congestion,,False,True
157532,Morning_Rush,0.43076015,0.62231445,Safe Flow,21.0,True,True
157643,Morning_Rush,0.6947667,0.030761719,Safe Flow,63.0,True,True
157647,Morning_Rush,0.7608449,1.0944824,Hidden Danger,150.0,True,True
157874,Morning_Rush,0.4278214,0.65185547,Safe Flow,21.0,True,True
157983,Morning_Rush,0.50329703,0.0,Safe Flow,65.0,True,True
158075,Morning_Rush,0.39344537,0.7644043,Safe Flow,65.0,True,True
158626,Morning_Rush,0.54179,0.82128906,Safe Flow,237.0,True,True
158858,Morning_Rush,0.582017,8.449463,Safe Congestion,142.0,True,True
159186,Morning_Rush,0.61802435,4.225586,Safe Congestion,144.0,True,True
160109,Morning_Rush,0.4419918,0.0,Safe Flow,23.0,True,True
160427,Morning_Rush,0.5450145,0.012451172,Safe Flow,245.0,True,True
160985,Morning_Rush,0.48129386,0.8039551,Safe Flow,14.0,True,True
161549,Morning_Rush,0.46222565,0.37231445,Safe Flow,108.0,True,True
161584,Morning_Rush,0.7124113,0.0,Safe Flow,108.0,True,True
161619,Morning_Rush,0.5171363,2.6135254,Safe Congestion,55.0,True,True
161623,Morning_Rush,0.31320387,0.0,Safe Flow,55.0,True,True
161764,Morning_Rush,0.32581535,9.74707,Safe Congestion,228.0,True,True
161926,Morning_Rush,0.72725296,0.0,Hidden Danger,195.0,True,True
162456,Morning_Rush,0.30862513,0.36157227,Safe Flow,54.0,True,True
162628,Morning_Rush,0.69657433,0.0,Safe Flow,65.0,True,True
163568,Morning_Rush,0.29456928,0.0,Safe Flow,133.0,True,True
163946,Morning_Rush,0.4474979,0.3154297,Safe Flow,217.0,True,True
164862,Morning_Rush,0.7409939,0.12207031,Hidden Danger,142.0,True,True
165305,Morning_Rush,0.6730776,0.954834,Safe Flow,80.0,True,True
165612,Morning_Rush,0.5125312,2.7712402,Safe Congestion,229.0,True,True
165861,Morning_Rush,0.6792598,0.017578125,Safe Flow,,False,True
166298,Morning_Rush,0.44342905,0.060546875,Safe Flow,166.0,True,True
166969,Morning_Rush,0.6068031,0.3461914,Safe Flow,154.0,True,True
167282,Morning_Rush,0.52341974,0.8557129,Safe Flow,91.0,True,True
167890,Morning_Rush,0.5132062,0.0,Safe Flow,39.0,True,True
168595,Morning_Rush,0.7725313,0.87939453,Hidden Danger,63.0,True,True
168600,Morning_Rush,0.63949406,0.0,Safe Flow,63.0,True,True
171170,Morning_Rush,0.5285538,2.0026855,Safe Congestion,215.0,True,True
173408,Morning_Rush,0.6870959,1.1760254,Safe Flow,247.0,True,True
173430,Morning_Rush,0.508728,1.1486816,Safe Flow,247.0,True,True
173441,Morning_Rush,0.5429288,0.32250977,Safe Flow,247.0,True,True
173860,Morning_Rush,0.37624785,1.9511719,Safe Congestion,120.0,True,True
175565,Morning_Rush,0.43988052,1.1818848,Safe Flow,138.0,True,True
175598,Morning_Rush,0.69755256,0.3762207,Safe Flow,126.0,True,True
179198,Morning_Rush,0.40884846,0.7036133,Safe Flow,121.0,True,True
184222,Morning_Rush,0.7227853,0.967041,Hidden Danger,126.0,True,True
184850,Morning_Rush,0.53408396,0.0,Safe Flow,124.0,True,True
185961,Morning_Rush,0.3128303,0.20898438,Safe Flow,247.0,True,True
186606,Morning_Rush,0.6746687,0.1694336,Safe Flow,21.0,True,True
186614,Morning_Rush,0.42976934,3.011963,Safe Congestion,181.0,True,True
188144,Morning_Rush,0.6432059,0.0,Safe Flow,80.0,True,True
189271,Morning_Rush,0.43082285,4.1418457,Safe Congestion,,False,True
190429,Morning_Rush,0.59634215,2.9536133,Safe Congestion,126.0,True,True
191274,Morning_Rush,0.5007726,0.0,Safe Flow,76.0,True,True
192731,Morning_Rush,0.7183489,6.6484375,Safe Congestion,64.0,True,True
196367,Morning_Rush,0.38784412,0.0,Safe Flow,124.0,True,True
221956,Morning_Rush,0.28500175,3.020874,Safe Congestion,200.0,True,True
229198,Morning_Rush,0.42592886,2.987793,Safe Congestion,221.0,True,True
232261,Morning_Rush,0.6352856,0.0,Safe Flow,154.0,True,True
233467,Morning_Rush,0.7312614,1.2358398,Hidden Danger,64.0,True,True
239592,Morning_Rush,0.5456041,0.3388672,Safe Flow,66.0,True,True
247930,Morning_Rush,0.5479887,0.050048828,Safe Flow,66.0,True,True
251526,Morning_Rush,0.6636728,1.2192383,Safe Flow,247.0,True,True
251715,Morning_Rush,0.46666628,1.1162109,Safe Flow,190.0,True,True
253123,Morning_Rush,0.4618271,15.241455,Safe Congestion,257.0,True,True
253127,Morning_Rush,0.68505865,13.145264,Safe Congestion,257.0,True,True
256272,Morning_Rush,0.37545183,0.026611328,Safe Flow,206.0,True,True
256804,Morning_Rush,0.43292865,0.39257812,Safe Flow,259.0,True,True
259835,Morning_Rush,0.45182788,0.0,Safe Flow,54.0,True,True
261873,Morning_Rush,0.44903982,0.0,Safe Flow,261.0,True,True
265658,Morning_Rush,0.2856294,0.06616211,Safe Flow,245.0,True,True
265921,Morning_Rush,0.16966026,1.5500488,Safe Flow,33.0,True,True
270791,Morning_Rush,0.47289017,0.15063477,Safe Flow,153.0,True,True
270793,Morning_Rush,0.5068123,1.0058594,Safe Flow,153.0,True,True
270796,Morning_Rush,0.3110542,1.5551758,Safe Flow,153.0,True,True
270800,Morning_Rush,0.3747385,2.4421387,Safe Congestion,153.0,True,True
9000863,Morning_Rush,0.30933097,0.5905762,Safe Flow,39.0,True,True
9004982,Morning_Rush,0.336009,0.25195312,Safe Flow,39.0,True,True
9009104,Morning_Rush,0.18083853,0.0,Safe Flow,,False,True
9009363,Morning_Rush,0.54043335,9.273193,Safe Congestion,228.0,True,True
9014212,Morning_Rush,0.5525959,0.0,Safe Flow,,False,True
9014216,Morning_Rush,0.45040888,6.5129395,Safe Congestion,,False,True
9014418,Morning_Rush,0.4048372,0.0637207,Safe Flow,60.0,True,True
9017010,Morning_Rush,0.6129223,0.6595459,Safe Flow,41.0,True,True
2696,Evening_Rush,0.48839435,0.67788464,Safe Flow,84.0,True,True
4917,Evening_Rush,0.4747621,0.0,Safe Flow,118.0,True,True
4918,Evening_Rush,0.74641055,0.27366865,Hidden Danger,118.0,True,True
5491,Evening_Rush,0.54082793,3.913708,Safe Congestion,23.0,True,True
7384,Evening_Rush,0.6758984,0.69280076,Safe Flow,176.0,True,True
7431,Evening_Rush,0.44629693,0.86760354,Safe Flow,176.0,True,True
7566,Evening_Rush,0.6837967,1.56928,Safe Flow,118.0,True,True
7570,Evening_Rush,0.3692566,4.406065,Safe Congestion,176.0,True,True
8070,Evening_Rush,0.483985,4.9686885,Safe Congestion,118.0,True,True
8127,Evening_Rush,0.28663036,6.906065,Safe Congestion,118.0,True,True
8841,Evening_Rush,0.66638535,1.9780571,Safe Flow,251.0,True,True
9017,Evening_Rush,0.4352147,2.1107001,Safe Flow,251.0,True,True
10198,Evening_Rush,0.39622995,0.15298323,Safe Flow,206.0,True,True
10669,Evening_Rush,0.4523912,0.92332345,Safe Flow,172.0,True,True
11060,Evening_Rush,0.4704758,0.86711043,Safe Flow,172.0,True,True
12562,Evening_Rush,0.49495327,0.5493097,Safe Flow,206.0,True,True
12620,Evening_Rush,0.2613792,0.0,Safe Flow,251.0,True,True
12646,Evening_Rush,0.40812948,0.0,Safe Flow,206.0,True,True
12675,Evening_Rush,0.44485188,0.14373767,Safe Flow,206.0,True,True
12676,Evening_Rush,0.54699624,0.17332347,Safe Flow,206.0,True,True
12806,Evening_Rush,0.50931585,0.120069034,Safe Flow,118.0,True,True
12946,Evening_Rush,0.37323666,0.2285503,Safe Flow,118.0,True,True
12974,Evening_Rush,0.6952447,0.0,Safe Flow,115.0,True,True
12986,Evening_Rush,0.55263007,0.0,Safe Flow,245.0,True,True
13483,Evening_Rush,0.40680924,0.0,Safe Flow,245.0,True,True
13496,Evening_Rush,0.6415778,0.0,Safe Flow,115.0,True,True
15110,Evening_Rush,0.4704785,3.278353,Safe Congestion,115.0,True,True
15116,Evening_Rush,0.50003153,1.6284517,Safe Flow,,False,True
16353,Evening_Rush,0.34588486,0.0,Safe Flow,206.0,True,True
17691,Evening_Rush,0.5352565,0.35231754,Safe Flow,228.0,True,True
18635,Evening_Rush,0.3487773,0.49112427,Safe Flow,11.0,True,True
19219,Evening_Rush,0.30444586,0.36858973,Safe Flow,21.0,True,True
19233,Evening_Rush,0.6260874,0.0,Safe Flow,21.0,True,True
19260,Evening_Rush,0.4447076,0.17948718,Safe Flow,55.0,True,True
20262,Evening_Rush,0.703184,0.1102071,Safe Flow,22.0,True,True
20380,Evening_Rush,0.6665251,0.14447732,Safe Flow,22.0,True,True
20383,Evening_Rush,0.27680528,0.0,Safe Flow,22.0,True,True
20651,Evening_Rush,0.26836848,1.0189842,Safe Flow,228.0,True,True
20652,Evening_Rush,0.5423141,0.22633137,Safe Flow,228.0,True,True
21211,Evening_Rush,0.5897091,0.0,Safe Flow,227.0,True,True
21214,Evening_Rush,0.27431837,0.0,Safe Flow,227.0,True,True
21766,Evening_Rush,0.57955784,0.018491125,Safe Flow,195.0,True,True
21770,Evening_Rush,0.423368,0.0,Safe Flow,195.0,True,True
22023,Evening_Rush,0.4409232,0.0,Safe Flow,54.0,True,True
22139,Evening_Rush,0.48604298,15.392998,Safe Congestion,106.0,True,True
22212,Evening_Rush,0.5440311,0.0,Safe Flow,40.0,True,True
22242,Evening_Rush,0.50622463,0.0,Safe Flow,52.0,True,True
22243,Evening_Rush,0.3996205,0.0,Safe Flow,52.0,True,True
22310,Evening_Rush,0.30035084,0.14940828,Safe Flow,106.0,True,True
22341,Evening_Rush,0.55089456,0.30177516,Safe Flow,106.0,True,True
22409,Evening_Rush,0.39821884,1.9603057,Safe Flow,52.0,True,True
22477,Evening_Rush,0.70584935,1.6237673,Safe Flow,106.0,True,True
23049,Evening_Rush,0.5575183,0.0,Safe Flow,261.0,True,True
23051,Evening_Rush,0.64242697,0.0,Safe Flow,261.0,True,True
23053,Evening_Rush,0.52987266,0.0,Safe Flow,261.0,True,True
23593,Evening_Rush,0.1655356,0.12376726,Safe Flow,54.0,True,True
23631,Evening_Rush,0.39781442,0.22509862,Safe Flow,54.0,True,True
23836,Evening_Rush,0.52113384,0.0,Safe Flow,33.0,True,True
23842,Evening_Rush,0.47205764,0.0,Safe Flow,33.0,True,True
24185,Evening_Rush,0.71519846,0.45636094,Safe Flow,25.0,True,True
24672,Evening_Rush,0.45036444,4.388807,Safe Congestion,97.0,True,True
25426,Evening_Rush,0.65024024,5.3658776,Safe Congestion,108.0,True,True
25836,Evening_Rush,0.44204322,0.09985207,Safe Flow,123.0,True,True
26185,Evening_Rush,0.55396163,3.156065,Safe Congestion,150.0,True,True
26210,Evening_Rush,0.30969754,1.6952662,Safe Flow,150.0,True,True
26624,Evening_Rush,0.47921613,0.6111933,Safe Flow,178.0,True,True
27822,Evening_Rush,0.48177716,15.977071,Safe Congestion,133.0,True,True
28642,Evening_Rush,0.6945622,0.24260356,Safe Flow,89.0,True,True
28645,Evening_Rush,0.51190484,1.168146,Safe Flow,89.0,True,True
28957,Evening_Rush,0.7063232,0.0,Safe Flow,97.0,True,True
29256,Evening_Rush,0.45111397,0.4522929,Safe Flow,49.0,True,True
29347,Evening_Rush,0.6532273,1.6166173,Safe Flow,49.0,True,True
31906,Evening_Rush,0.44060314,0.6592702,Safe Flow,125.0,True,True
32478,Evening_Rush,0.5162553,0.5289694,Safe Flow,144.0,True,True
33814,Evening_Rush,0.670531,0.9750986,Safe Flow,68.0,True,True
34118,Evening_Rush,0.24162468,0.0,Safe Flow,142.0,True,True
34307,Evening_Rush,0.6135805,0.7481509,Safe Flow,143.0,True,True
36388,Evening_Rush,0.22722483,3.7149901,Safe Congestion,141.0,True,True
36403,Evening_Rush,0.59204787,10.547338,Safe Congestion,140.0,True,True
38243,Evening_Rush,0.78431475,1.2818047,Hidden Danger,166.0,True,True
38371,Evening_Rush,0.6515455,2.7596154,Safe Congestion,166.0,True,True
38500,Evening_Rush,0.5717765,0.10108481,Safe Flow,166.0,True,True
41356,Evening_Rush,0.73034424,1.2130177,Hidden Danger,91.0,True,True
42864,Evening_Rush,0.63785803,0.2280572,Safe Flow,39.0,True,True
43791,Evening_Rush,0.5935768,0.34886587,Safe Flow,225.0,True,True
44203,Evening_Rush,0.33582202,3.0670612,Safe Congestion,80.0,True,True
44587,Evening_Rush,0.4337057,0.40335307,Safe Flow,36.0,True,True
44604,Evening_Rush,0.6997987,1.1121795,Safe Flow,36.0,True,True
44605,Evening_Rush,0.75950146,0.12795858,Hidden Danger,36.0,True,True
44643,Evening_Rush,0.428866,0.0,Safe Flow,,False,True
45165,Evening_Rush,0.50176173,0.0,Safe Flow,36.0,True,True
45171,Evening_Rush,0.39496523,0.0,Safe Flow,198.0,True,True
45262,Evening_Rush,0.5485673,0.0,Safe Flow,36.0,True,True
45367,Evening_Rush,0.5849334,0.26725838,Safe Flow,36.0,True,True
45369,Evening_Rush,0.6169761,0.3067061,Safe Flow,36.0,True,True
46643,Evening_Rush,0.44657558,0.63806707,Safe Flow,39.0,True,True
47172,Evening_Rush,0.5467785,0.19403353,Safe Flow,177.0,True,True
47174,Evening_Rush,0.4808963,0.0,Safe Flow,177.0,True,True
47180,Evening_Rush,0.4641207,0.75419134,Safe Flow,177.0,True,True
48499,Evening_Rush,0.7132309,0.17529586,Safe Flow,36.0,True,True
50963,Evening_Rush,0.5150089,4.9583335,Safe Congestion,76.0,True,True
51176,Evening_Rush,0.31447804,0.17948718,Safe Flow,180.0,True,True
51182,Evening_Rush,0.32261845,0.1617357,Safe Flow,180.0,True,True
51190,Evening_Rush,0.72942543,0.17455621,Hidden Danger,258.0,True,True
51789,Evening_Rush,0.318538,0.0,Safe Flow,180.0,True,True
51791,Evening_Rush,0.70737576,0.0,Safe Flow,180.0,True,True
51806,Evening_Rush,0.2995794,0.0,Safe Flow,180.0,True,True
52002,Evening_Rush,0.4473275,0.0,Safe Flow,258.0,True,True
52004,Evening_Rush,0.7424509,0.344428,Hidden Danger,197.0,True,True
54041,Evening_Rush,0.67292994,1.3010355,Safe Flow,117.0,True,True
55939,Evening_Rush,0.516751,0.24975345,Safe Flow,134.0,True,True
59163,Evening_Rush,0.6666367,3.0014794,Safe Congestion,218.0,True,True
59237,Evening_Rush,0.4445357,2.477071,Safe Congestion,10.0,True,True
60141,Evening_Rush,0.5950212,0.6421351,Safe Flow,215.0,True,True
62117,Evening_Rush,0.523786,7.464497,Safe Congestion,86.0,True,True
62211,Evening_Rush,0.5146218,5.441568,Safe Congestion,86.0,True,True
65515,Evening_Rush,0.7813586,1.2519724,Hidden Danger,191.0,True,True
65785,Evening_Rush,0.63993907,4.1513805,Safe Congestion,38.0,True,True
65911,Evening_Rush,0.53699565,4.5213265,Safe Congestion,112.0,True,True
65919,Evening_Rush,0.6825591,1.1444774,Safe Flow,,False,True
66004,Evening_Rush,0.51070577,0.007889546,Safe Flow,80.0,True,True
66014,Evening_Rush,0.54374796,0.0056706113,Safe Flow,80.0,True,True
66068,Evening_Rush,0.3719724,0.09911243,Safe Flow,226.0,True,True
66303,Evening_Rush,0.44497776,0.8281558,Safe Flow,226.0,True,True
66420,Evening_Rush,0.70187646,4.7110453,Safe Congestion,,False,True
66939,Evening_Rush,0.41329592,1.4373767,Safe Flow,157.0,True,True
69628,Evening_Rush,0.723433,0.83999014,Safe Flow,168.0,True,True
70600,Evening_Rush,0.5367086,3.627219,Safe Congestion,167.0,True,True
70601,Evening_Rush,0.31826752,3.7667654,Safe Congestion,167.0,True,True
70931,Evening_Rush,0.6758681,0.19354044,Safe Flow,244.0,True,True
71297,Evening_Rush,0.45751938,2.1538463,Safe Flow,244.0,True,True
72152,Evening_Rush,0.65007925,1.8737673,Safe Flow,69.0,True,True
72898,Evening_Rush,0.44859943,1.6176035,Safe Flow,127.0,True,True
72901,Evening_Rush,0.5992459,0.10133136,Safe Flow,127.0,True,True
72902,Evening_Rush,0.50688535,1.0421598,Safe Flow,127.0,True,True
76140,Evening_Rush,0.72573483,3.1269724,Safe Congestion,129.0,True,True
76149,Evening_Rush,0.39288816,0.0,Safe Flow,129.0,True,True
76771,Evening_Rush,0.28906977,2.9447732,Safe Congestion,129.0,True,True
76782,Evening_Rush,0.4338229,3.9188857,Safe Congestion,173.0,True,True
77104,Evening_Rush,0.6400655,0.0,Safe Flow,,False,True
77341,Evening_Rush,0.72766244,0.0,Hidden Danger,147.0,True,True
77346,Evening_Rush,0.5554963,0.0,Safe Flow,147.0,True,True
77348,Evening_Rush,0.56346685,0.0,Safe Flow,147.0,True,True
77349,Evening_Rush,0.6637332,0.6974852,Safe Flow,147.0,True,True
77482,Evening_Rush,0.4693387,2.2539449,Safe Flow,147.0,True,True
77541,Evening_Rush,0.46618763,2.143491,Safe Flow,126.0,True,True
77623,Evening_Rush,0.6710561,1.1777613,Safe Flow,126.0,True,True
77708,Evening_Rush,0.37923694,0.90138066,Safe Flow,126.0,True,True
80001,Evening_Rush,0.4355214,1.3779585,Safe Flow,94.0,True,True
80027,Evening_Rush,0.45592934,0.098002955,Safe Flow,18.0,True,True
81629,Evening_Rush,0.45577812,0.35626233,Safe Flow,82.0,True,True
81737,Evening_Rush,0.28713962,0.0,Safe Flow,56.0,True,True
81740,Evening_Rush,0.17115326,0.0,Safe Flow,56.0,True,True
85032,Evening_Rush,0.47438487,0.0,Safe Flow,252.0,True,True
85033,Evening_Rush,0.5107161,0.0,Safe Flow,252.0,True,True
85036,Evening_Rush,0.31887996,0.0,Safe Flow,252.0,True,True
85037,Evening_Rush,0.383937,0.0,Safe Flow,252.0,True,True
85045,Evening_Rush,0.31351277,0.0,Safe Flow,252.0,True,True
85311,Evening_Rush,0.34782553,1.490138,Safe Flow,213.0,True,True
85317,Evening_Rush,0.1783582,0.96523666,Safe Flow,213.0,True,True
85319,Evening_Rush,0.55583465,0.80473375,Safe Flow,213.0,True,True
85321,Evening_Rush,0.5546198,1.3533038,Safe Flow,213.0,True,True
86524,Evening_Rush,0.45256346,0.0,Safe Flow,185.0,True,True
86526,Evening_Rush,0.4087089,0.52662724,Safe Flow,185.0,True,True
86527,Evening_Rush,0.61336565,0.3873274,Safe Flow,185.0,True,True
87475,Evening_Rush,0.4884213,0.39792898,Safe Flow,32.0,True,True
88569,Evening_Rush,0.47567523,2.5803747,Safe Congestion,51.0,True,True
88859,Evening_Rush,0.7465061,0.28698224,Hidden Danger,259.0,True,True
88941,Evening_Rush,0.5411174,0.0,Safe Flow,259.0,True,True
89036,Evening_Rush,0.6756907,0.11637081,Safe Flow,259.0,True,True
89528,Evening_Rush,0.44629762,5.233728,Safe Congestion,259.0,True,True
91650,Evening_Rush,0.68378025,0.0,Safe Flow,73.0,True,True
91653,Evening_Rush,0.36872098,0.0,Safe Flow,73.0,True,True
91655,Evening_Rush,0.4837745,0.0,Safe Flow,73.0,True,True
91656,Evening_Rush,0.28606492,0.0,Safe Flow,73.0,True,True
94261,Evening_Rush,0.6657991,0.0,Safe Flow,183.0,True,True
95433,Evening_Rush,0.43385518,0.0,Safe Flow,184.0,True,True
97115,Evening_Rush,0.39664504,0.23101579,Safe Flow,9.0,True,True
98571,Evening_Rush,0.45234194,0.117850095,Safe Flow,16.0,True,True
98574,Evening_Rush,0.47030988,0.8752465,Safe Flow,16.0,True,True
98575,Evening_Rush,0.4950532,0.031558186,Safe Flow,16.0,True,True
98592,Evening_Rush,0.2616057,0.7721894,Safe Flow,16.0,True,True
99719,Evening_Rush,0.40772176,0.0,Safe Flow,,False,True
101869,Evening_Rush,0.44471928,1.882643,Safe Flow,64.0,True,True
102394,Evening_Rush,0.54701525,2.0719922,Safe Flow,64.0,True,True
103303,Evening_Rush,0.5088806,0.0,Safe Flow,101.0,True,True
105945,Evening_Rush,0.37361905,0.20389546,Safe Flow,133.0,True,True
106703,Evening_Rush,0.69536775,0.73791915,Safe Flow,130.0,True,True
109335,Evening_Rush,0.55279285,1.6372042,Safe Flow,17.0,True,True
109847,Evening_Rush,0.4067564,0.51208085,Safe Flow,89.0,True,True
110454,Evening_Rush,0.6413241,2.285996,Safe Flow,80.0,True,True
110733,Evening_Rush,0.47050747,0.2638067,Safe Flow,176.0,True,True
110808,Evening_Rush,0.500341,3.1713512,Safe Congestion,118.0,True,True
111161,Evening_Rush,0.34578136,0.084319524,Safe Flow,43.0,True,True
111705,Evening_Rush,0.53686506,9.108234,Safe Congestion,223.0,True,True
112675,Evening_Rush,0.3493086,0.13584812,Safe Flow,180.0,True,True
112827,Evening_Rush,0.3045699,0.019970413,Safe Flow,134.0,True,True
113109,Evening_Rush,0.6262785,0.7504931,Safe Flow,69.0,True,True
113459,Evening_Rush,0.4447587,1.1388067,Safe Flow,126.0,True,True
113473,Evening_Rush,0.7033249,1.0912229,Safe Flow,47.0,True,True
113574,Evening_Rush,0.66661966,1.5971401,Safe Flow,18.0,True,True
116301,Evening_Rush,0.27698123,0.44008875,Safe Flow,226.0,True,True
116523,Evening_Rush,0.26833233,0.0,Safe Flow,252.0,True,True
116524,Evening_Rush,0.54238933,0.8387574,Safe Flow,252.0,True,True
118511,Evening_Rush,0.58964247,0.0,Safe Flow,206.0,True,True
119161,Evening_Rush,0.2741829,0.2610947,Safe Flow,86.0,True,True
120736,Evening_Rush,0.5786953,0.13819033,Safe Flow,145.0,True,True
120814,Evening_Rush,0.4238012,0.18047337,Safe Flow,37.0,True,True
122013,Evening_Rush,0.44077054,5.6449704,Safe Congestion,106.0,True,True
128698,Evening_Rush,0.48655605,0.5335306,Safe Flow,39.0,True,True
128703,Evening_Rush,0.5439908,0.31804734,Safe Flow,39.0,True,True
128713,Evening_Rush,0.506261,0.39201182,Safe Flow,39.0,True,True
132810,Evening_Rush,0.399928,0.0,Safe Flow,14.0,True,True
132895,Evening_Rush,0.29973793,10.579142,Safe Congestion,191.0,True,True
134035,Evening_Rush,0.55102557,4.4975348,Safe Congestion,70.0,True,True
134642,Evening_Rush,0.39705333,0.0,Safe Flow,81.0,True,True
134678,Evening_Rush,0.7058631,0.2361933,Safe Flow,168.0,True,True
135786,Evening_Rush,0.5572077,0.96301776,Safe Flow,80.0,True,True
136584,Evening_Rush,0.64257073,0.0,Safe Flow,203.0,True,True
136703,Evening_Rush,0.5297712,0.2352071,Safe Flow,220.0,True,True
138592,Evening_Rush,0.16540228,34.548077,Safe Congestion,38.0,True,True
138734,Evening_Rush,0.39687386,1.1733235,Safe Flow,168.0,True,True
141511,Evening_Rush,0.5215748,0.0,Safe Flow,14.0,True,True
141997,Evening_Rush,0.4721012,0.9060651,Safe Flow,76.0,True,True
142287,Evening_Rush,0.71547866,0.50147927,Safe Flow,256.0,True,True
142608,Evening_Rush,0.44948456,1.0150394,Safe Flow,195.0,True,True
143289,Evening_Rush,0.6498892,5.8207593,Safe Congestion,223.0,True,True
145345,Evening_Rush,0.44191328,0.2514793,Safe Flow,126.0,True,True
145368,Evening_Rush,0.5537279,6.1481757,Safe Congestion,70.0,True,True
145550,Evening_Rush,0.3100471,0.0,Safe Flow,124.0,True,True
146439,Evening_Rush,0.47936535,3.6952662,Safe Congestion,138.0,True,True
146440,Evening_Rush,0.48151731,5.8599606,Safe Congestion,138.0,True,True
146575,Evening_Rush,0.6940482,0.0,Safe Flow,51.0,True,True
147124,Evening_Rush,0.5121716,18.988413,Safe Congestion,253.0,True,True
147525,Evening_Rush,0.70619345,0.0,Safe Flow,33.0,True,True
148076,Evening_Rush,0.4513535,0.3668639,Safe Flow,65.0,True,True
148556,Evening_Rush,0.65329474,0.0,Safe Flow,65.0,True,True
149198,Evening_Rush,0.4404641,0.0,Safe Flow,118.0,True,True
149278,Evening_Rush,0.5161425,3.9440336,Safe Congestion,99.0,True,True
149677,Evening_Rush,0.6704151,1.6163708,Safe Flow,117.0,True,True
150372,Evening_Rush,0.24197105,4.415434,Safe Congestion,,False,True
151257,Evening_Rush,0.6156346,0.95956606,Safe Flow,95.0,True,True
154461,Evening_Rush,0.22719638,0.62919134,Safe Flow,126.0,True,True
155310,Evening_Rush,0.59237444,10.305966,Safe Congestion,99.0,True,True
155613,Evening_Rush,0.7844046,18.111687,Critical Bottleneck,191.0,True,True
156013,Evening_Rush,0.6513717,1.324211,Safe Flow,83.0,True,True
156016,Evening_Rush,0.57162255,8.348372,Safe Congestion,,False,True
156030,Evening_Rush,0.7297788,0.0,Hidden Danger,83.0,True,True
156148,Evening_Rush,0.63788533,3.2864892,Safe Congestion,215.0,True,True
156182,Evening_Rush,0.59433883,23.299803,Safe Congestion,203.0,True,True
156766,Evening_Rush,0.33562866,7.178008,Safe Congestion,,False,True
157532,Evening_Rush,0.43340868,0.6499014,Safe Flow,21.0,True,True
157643,Evening_Rush,0.6999812,0.0,Safe Flow,63.0,True,True
157647,Evening_Rush,0.75951654,2.931213,Critical Bottleneck,150.0,True,True
157874,Evening_Rush,0.42886108,0.8996548,Safe Flow,21.0,True,True
157983,Evening_Rush,0.5016902,0.0,Safe Flow,65.0,True,True
158075,Evening_Rush,0.3948337,0.8133629,Safe Flow,65.0,True,True
158626,Evening_Rush,0.5494236,1.4211046,Safe Flow,237.0,True,True
158858,Evening_Rush,0.58409303,10.211045,Safe Congestion,142.0,True,True
159186,Evening_Rush,0.6174767,6.2034025,Safe Congestion,144.0,True,True
160109,Evening_Rush,0.44621933,0.0,Safe Flow,23.0,True,True
160427,Evening_Rush,0.546664,0.0,Safe Flow,245.0,True,True
160985,Evening_Rush,0.48098326,0.9060651,Safe Flow,14.0,True,True
161549,Evening_Rush,0.46393982,0.6351085,Safe Flow,108.0,True,True
161584,Evening_Rush,0.7129544,0.0,Safe Flow,108.0,True,True
161619,Evening_Rush,0.51500773,3.7093196,Safe Congestion,55.0,True,True
161623,Evening_Rush,0.3139589,0.0,Safe Flow,55.0,True,True
161764,Evening_Rush,0.32243627,6.9418144,Safe Congestion,228.0,True,True
161926,Evening_Rush,0.7294492,0.0,Hidden Danger,195.0,True,True
162456,Evening_Rush,0.31835216,0.28895465,Safe Flow,54.0,True,True
162628,Evening_Rush,0.7069831,0.0,Safe Flow,65.0,True,True
163568,Evening_Rush,0.29946336,0.0,Safe Flow,133.0,True,True
163946,Evening_Rush,0.44730374,0.27983233,Safe Flow,217.0,True,True
164862,Evening_Rush,0.74242586,0.0,Hidden Danger,142.0,True,True
165305,Evening_Rush,0.6733792,1.209073,Safe Flow,80.0,True,True
165612,Evening_Rush,0.516647,3.4521697,Safe Congestion,229.0,True,True
165861,Evening_Rush,0.66584384,0.0,Safe Flow,,False,True
166298,Evening_Rush,0.44509813,0.0729783,Safe Flow,166.0,True,True
166969,Evening_Rush,0.59491795,0.55695266,Safe Flow,154.0,True,True
167282,Evening_Rush,0.5245703,1.2458087,Safe Flow,91.0,True,True
167890,Evening_Rush,0.51475847,0.0,Safe Flow,39.0,True,True
168595,Evening_Rush,0.7804931,0.80744576,Hidden Danger,63.0,True,True
168600,Evening_Rush,0.6405523,0.0,Safe Flow,63.0,True,True
171170,Evening_Rush,0.53677964,2.2892013,Safe Congestion,215.0,True,True
173408,Evening_Rush,0.6825878,0.69033533,Safe Flow,247.0,True,True
173430,Evening_Rush,0.5106941,1.8616863,Safe Flow,247.0,True,True
173441,Evening_Rush,0.5436594,0.4928501,Safe Flow,247.0,True,True
173860,Evening_Rush,0.37068623,2.0241618,Safe Flow,120.0,True,True
175565,Evening_Rush,0.44508803,0.8641519,Safe Flow,138.0,True,True
175598,Evening_Rush,0.70228356,0.74408287,Safe Flow,126.0,True,True
179198,Evening_Rush,0.41322044,0.42233726,Safe Flow,121.0,True,True
184222,Evening_Rush,0.7233901,1.2825444,Safe Flow,126.0,True,True
184850,Evening_Rush,0.5375815,0.0,Safe Flow,124.0,True,True
185961,Evening_Rush,0.3159659,0.3555227,Safe Flow,247.0,True,True
186606,Evening_Rush,0.67558414,0.19156805,Safe Flow,21.0,True,True
186614,Evening_Rush,0.45573282,3.469921,Safe Congestion,181.0,True,True
188144,Evening_Rush,0.6500828,0.18343195,Safe Flow,80.0,True,True
189271,Evening_Rush,0.44804025,4.3027616,Safe Congestion,,False,True
190429,Evening_Rush,0.59924775,2.0298324,Safe Flow,126.0,True,True
191274,Evening_Rush,0.5064011,0.0,Safe Flow,76.0,True,True
192731,Evening_Rush,0.7262585,7.7635603,Critical Bottleneck,64.0,True,True
196367,Evening_Rush,0.39206225,0.0,Safe Flow,124.0,True,True
221956,Evening_Rush,0.2899094,2.9643738,Safe Congestion,200.0,True,True
229198,Evening_Rush,0.43378255,2.5241618,Safe Congestion,221.0,True,True
232261,Evening_Rush,0.6390981,0.0,Safe Flow,154.0,True,True
233467,Evening_Rush,0.7277648,1.4267751,Hidden Danger,64.0,True,True
239592,Evening_Rush,0.5549666,0.59516764,Safe Flow,66.0,True,True
247930,Evening_Rush,0.5634898,0.08703156,Safe Flow,66.0,True,True
251526,Evening_Rush,0.6635347,1.244576,Safe Flow,247.0,True,True
251715,Evening_Rush,0.4694228,0.31089744,Safe Flow,190.0,True,True
253123,Evening_Rush,0.4661525,15.7450695,Safe Congestion,257.0,True,True
253127,Evening_Rush,0.67130655,11.475346,Safe Congestion,257.0,True,True
256272,Evening_Rush,0.3792636,0.0,Safe Flow,206.0,True,True
256804,Evening_Rush,0.43556547,0.89817554,Safe Flow,259.0,True,True
259835,Evening_Rush,0.4548269,0.024654832,Safe Flow,54.0,True,True
261873,Evening_Rush,0.45616853,0.0,Safe Flow,261.0,True,True
265658,Evening_Rush,0.28738192,0.0,Safe Flow,245.0,True,True
265921,Evening_Rush,0.17128347,1.8323472,Safe Flow,33.0,True,True
270791,Evening_Rush,0.47438297,0.15212032,Safe Flow,153.0,True,True
270793,Evening_Rush,0.50941175,1.5929487,Safe Flow,153.0,True,True
270796,Evening_Rush,0.31786904,2.8604536,Safe Congestion,153.0,True,True
270800,Evening_Rush,0.38206312,2.5374753,Safe Congestion,153.0,True,True
9000863,Evening_Rush,0.3131112,0.7943787,Safe Flow,39.0,True,True
9004982,Evening_Rush,0.34833407,0.3224852,Safe Flow,39.0,True,True
9009104,Evening_Rush,0.17838262,0.0,Safe Flow,,False,True
9009363,Evening_Rush,0.5556383,17.740877,Safe Congestion,228.0,True,True
9014212,Evening_Rush,0.5543837,0.8821499,Safe Flow,,False,True
9014216,Evening_Rush,0.45275682,7.2758875,Safe Congestion,,False,True
9014418,Evening_Rush,0.40944037,0.0,Safe Flow,60.0,True,True
9017010,Evening_Rush,0.613249,0.3483728,Safe Flow,41.0,True,True
2696,Late_Night,0.48459536,0.0,Safe Flow,84.0,True,True
4917,Late_Night,0.47115207,0.0014240507,Safe Flow,118.0,True,True
4918,Late_Night,0.74452347,0.033333335,Hidden Danger,118.0,True,True
5491,Late_Night,0.5225011,0.56951475,Safe Flow,23.0,True,True
7384,Late_Night,0.6654685,0.0,Safe Flow,176.0,True,True
7431,Late_Night,0.4501951,0.09883966,Safe Flow,176.0,True,True
7566,Late_Night,0.68592626,0.25485232,Safe Flow,118.0,True,True
7570,Late_Night,0.34123787,0.7103376,Safe Flow,176.0,True,True
8070,Late_Night,0.47474298,0.76782703,Safe Congestion,118.0,True,True
8127,Late_Night,0.28874624,1.1605486,Safe Congestion,118.0,True,True
8841,Late_Night,0.65330535,0.34831223,Safe Flow,251.0,True,True
9017,Late_Night,0.40459555,0.29261604,Safe Flow,251.0,True,True
10198,Late_Night,0.39862984,0.028111814,Safe Flow,206.0,True,True
10669,Late_Night,0.44200167,0.12732068,Safe Flow,172.0,True,True
11060,Late_Night,0.46853182,0.1092827,Safe Flow,172.0,True,True
12562,Late_Night,0.51219434,0.059177216,Safe Flow,206.0,True,True
12620,Late_Night,0.25756913,0.0,Safe Flow,251.0,True,True
12646,Late_Night,0.3912527,0.0,Safe Flow,206.0,True,True
12675,Late_Night,0.44931135,0.045675106,Safe Flow,206.0,True,True
12676,Late_Night,0.5354536,0.06023207,Safe Flow,206.0,True,True
12806,Late_Night,0.50811946,0.017088607,Safe Flow,118.0,True,True
12946,Late_Night,0.36068335,0.036761604,Safe Flow,118.0,True,True
12974,Late_Night,0.6877294,0.0,Safe Flow,115.0,True,True
12986,Late_Night,0.5340157,0.0,Safe Flow,245.0,True,True
13483,Late_Night,0.40043914,0.0,Safe Flow,245.0,True,True
13496,Late_Night,0.61018604,0.0,Safe Flow,115.0,True,True
15110,Late_Night,0.46584833,0.8870253,Safe Congestion,115.0,True,True
15116,Late_Night,0.48014528,0.3478903,Safe Flow,,False,True
16353,Late_Night,0.3518304,0.0,Safe Flow,206.0,True,True
17691,Late_Night,0.55024064,0.039662447,Safe Flow,228.0,True,True
18635,Late_Night,0.34135818,0.11756329,Safe Flow,11.0,True,True
19219,Late_Night,0.2871384,0.081329115,Safe Flow,21.0,True,True
19233,Late_Night,0.6221302,0.0,Safe Flow,21.0,True,True
19260,Late_Night,0.43845448,0.027848102,Safe Flow,55.0,True,True
20262,Late_Night,0.70789653,0.016561182,Safe Flow,22.0,True,True
20380,Late_Night,0.6604611,0.025949366,Safe Flow,22.0,True,True
20383,Late_Night,0.26433045,0.0,Safe Flow,22.0,True,True
20651,Late_Night,0.26370478,0.19261603,Safe Flow,228.0,True,True
20652,Late_Night,0.5325362,0.037341774,Safe Flow,228.0,True,True
21211,Late_Night,0.58721495,0.0,Safe Flow,227.0,True,True
21214,Late_Night,0.27741358,0.0,Safe Flow,227.0,True,True
21766,Late_Night,0.5627092,0.0,Safe Flow,195.0,True,True
21770,Late_Night,0.42345655,0.0342827,Safe Flow,195.0,True,True
22023,Late_Night,0.43307668,0.0,Safe Flow,54.0,True,True
22139,Late_Night,0.4919119,2.572363,Safe Congestion,106.0,True,True
22212,Late_Night,0.546041,0.002637131,Safe Flow,40.0,True,True
22242,Late_Night,0.49873567,0.0056962026,Safe Flow,52.0,True,True
22243,Late_Night,0.38194734,0.00685654,Safe Flow,52.0,True,True
22310,Late_Night,0.25267798,0.0,Safe Flow,106.0,True,True
22341,Late_Night,0.53598285,0.07964135,Safe Flow,106.0,True,True
22409,Late_Night,0.37006873,1.0624473,Safe Congestion,52.0,True,True
22477,Late_Night,0.6814561,0.41086498,Safe Flow,106.0,True,True
23049,Late_Night,0.5212997,0.0,Safe Flow,261.0,True,True
23051,Late_Night,0.60060775,0.0033227848,Safe Flow,261.0,True,True
23053,Late_Night,0.49162835,0.003164557,Safe Flow,261.0,True,True
23593,Late_Night,0.12854822,0.0,Safe Flow,54.0,True,True
23631,Late_Night,0.36225268,0.010443038,Safe Flow,54.0,True,True
23836,Late_Night,0.51005155,0.008227848,Safe Flow,33.0,True,True
23842,Late_Night,0.46256974,0.017088607,Safe Flow,33.0,True,True
24185,Late_Night,0.6990552,0.14324895,Safe Flow,25.0,True,True
24672,Late_Night,0.42253673,0.77478904,Safe Congestion,97.0,True,True
25426,Late_Night,0.65549123,0.72204643,Safe Congestion,108.0,True,True
25836,Late_Night,0.4397078,0.016033756,Safe Flow,123.0,True,True
26185,Late_Night,0.5423619,0.9126582,Safe Congestion,150.0,True,True
26210,Late_Night,0.30690363,0.54419833,Safe Flow,150.0,True,True
26624,Late_Night,0.48406544,0.09303798,Safe Flow,178.0,True,True
27822,Late_Night,0.47221258,8.152321,Safe Congestion,133.0,True,True
28642,Late_Night,0.7077947,0.07510549,Safe Flow,89.0,True,True
28645,Late_Night,0.48480365,0.31381857,Safe Flow,89.0,True,True
28957,Late_Night,0.69829696,0.0,Safe Flow,97.0,True,True
29256,Late_Night,0.43733966,0.13655064,Safe Flow,49.0,True,True
29347,Late_Night,0.6453423,0.2636076,Safe Flow,49.0,True,True
31906,Late_Night,0.43648738,0.3085443,Safe Flow,125.0,True,True
32478,Late_Night,0.49241716,0.3277426,Safe Flow,144.0,True,True
33814,Late_Night,0.6547539,0.25021097,Safe Flow,68.0,True,True
34118,Late_Night,0.1793044,0.0,Safe Flow,142.0,True,True
34307,Late_Night,0.59513587,0.0,Safe Flow,143.0,True,True
36388,Late_Night,0.2368614,1.7490506,Safe Congestion,141.0,True,True
36403,Late_Night,0.5612541,5.8766875,Safe Congestion,140.0,True,True
38243,Late_Night,0.7743134,0.59324896,Hidden Danger,166.0,True,True
38371,Late_Night,0.6516293,1.1697258,Safe Congestion,166.0,True,True
38500,Late_Night,0.5639294,0.017721519,Safe Flow,166.0,True,True
41356,Late_Night,0.6965132,0.2364979,Safe Flow,91.0,True,True
42864,Late_Night,0.63856363,0.043670885,Safe Flow,39.0,True,True
43791,Late_Night,0.61434114,0.04208861,Safe Flow,225.0,True,True
44203,Late_Night,0.31979004,1.0794303,Safe Congestion,80.0,True,True
44587,Late_Night,0.40974918,0.15590717,Safe Flow,36.0,True,True
44604,Late_Night,0.69547206,0.38122362,Safe Flow,36.0,True,True
44605,Late_Night,0.77029485,0.045253165,Hidden Danger,36.0,True,True
44643,Late_Night,0.41723648,0.0,Safe Flow,,False,True
45165,Late_Night,0.5043965,0.0,Safe Flow,36.0,True,True
45171,Late_Night,0.380744,0.0,Safe Flow,198.0,True,True
45262,Late_Night,0.53423697,0.0,Safe Flow,36.0,True,True
45367,Late_Night,0.5609565,0.12668777,Safe Flow,36.0,True,True
45369,Late_Night,0.6204444,0.14651899,Safe Flow,36.0,True,True
46643,Late_Night,0.423179,0.096677214,Safe Flow,39.0,True,True
47172,Late_Night,0.53344727,0.028270042,Safe Flow,177.0,True,True
47174,Late_Night,0.47577652,0.0,Safe Flow,177.0,True,True
47180,Late_Night,0.46489578,0.25432488,Safe Flow,177.0,True,True
48499,Late_Night,0.70600975,0.069092825,Safe Flow,36.0,True,True
50963,Late_Night,0.51814395,1.114346,Safe Congestion,76.0,True,True
51176,Late_Night,0.32157138,0.020042194,Safe Flow,180.0,True,True
51182,Late_Night,0.33121523,0.019303797,Safe Flow,180.0,True,True
51190,Late_Night,0.7087712,0.015506329,Safe Flow,258.0,True,True
51789,Late_Night,0.3071845,0.0,Safe Flow,180.0,True,True
51791,Late_Night,0.6934656,0.0,Safe Flow,180.0,True,True
51806,Late_Night,0.2847536,0.0,Safe Flow,180.0,True,True
52002,Late_Night,0.45661795,0.0,Safe Flow,258.0,True,True
52004,Late_Night,0.7398369,0.037130803,Hidden Danger,197.0,True,True
54041,Late_Night,0.6699929,0.21392405,Safe Flow,117.0,True,True
55939,Late_Night,0.5061599,0.08818565,Safe Flow,134.0,True,True
59163,Late_Night,0.68091935,0.7001055,Safe Flow,218.0,True,True
59237,Late_Night,0.42316234,0.64683545,Safe Flow,10.0,True,True
60141,Late_Night,0.5912966,0.1278481,Safe Flow,215.0,True,True
62117,Late_Night,0.52212,2.0894516,Safe Congestion,86.0,True,True
62211,Late_Night,0.50915724,1.2675105,Safe Congestion,86.0,True,True
65515,Late_Night,0.7607949,0.29662448,Hidden Danger,191.0,True,True
65785,Late_Night,0.6430132,0.9674051,Safe Congestion,38.0,True,True
65911,Late_Night,0.5262519,1.3404536,Safe Congestion,112.0,True,True
65919,Late_Night,0.6853428,0.0,Safe Flow,,False,True
66004,Late_Night,0.5102765,0.0036919832,Safe Flow,80.0,True,True
66014,Late_Night,0.53685814,0.00084388186,Safe Flow,80.0,True,True
66068,Late_Night,0.37728947,0.018881857,Safe Flow,226.0,True,True
66303,Late_Night,0.43389523,0.13296413,Safe Flow,226.0,True,True
66420,Late_Night,0.67239857,0.7172996,Safe Congestion,,False,True
66939,Late_Night,0.41000956,0.4429325,Safe Flow,157.0,True,True
69628,Late_Night,0.71237063,0.22373417,Hidden Danger,168.0,True,True
70600,Late_Night,0.50180435,1.0863924,Safe Congestion,167.0,True,True
70601,Late_Night,0.29411638,1.1503165,Safe Congestion,167.0,True,True
70931,Late_Night,0.66479605,0.0956751,Safe Flow,244.0,True,True
71297,Late_Night,0.39962798,1.3345991,Safe Congestion,244.0,True,True
72152,Late_Night,0.6169329,0.8098101,Safe Congestion,69.0,True,True
72898,Late_Night,0.38661256,0.8273207,Safe Congestion,127.0,True,True
72901,Late_Night,0.5905624,0.08364979,Safe Flow,127.0,True,True
72902,Late_Night,0.46621013,0.6700422,Safe Flow,127.0,True,True
76140,Late_Night,0.7229897,0.89367086,Critical Bottleneck,129.0,True,True
76149,Late_Night,0.3781975,0.0,Safe Flow,129.0,True,True
76771,Late_Night,0.26702526,0.78533757,Safe Congestion,129.0,True,True
76782,Late_Night,0.38582543,1.1814346,Safe Congestion,173.0,True,True
77104,Late_Night,0.6100121,0.0,Safe Flow,,False,True
77341,Late_Night,0.7335282,0.046413504,Hidden Danger,147.0,True,True
77346,Late_Night,0.52129364,0.025316456,Safe Flow,147.0,True,True
77348,Late_Night,0.4948135,0.02478903,Safe Flow,147.0,True,True
77349,Late_Night,0.6350856,0.16561182,Safe Flow,147.0,True,True
77482,Late_Night,0.44933593,0.74910337,Safe Congestion,147.0,True,True
77541,Late_Night,0.4396769,0.8433544,Safe Congestion,126.0,True,True
77623,Late_Night,0.7078122,0.52985233,Safe Flow,126.0,True,True
77708,Late_Night,0.3660811,0.32225737,Safe Flow,126.0,True,True
80001,Late_Night,0.43470207,0.6934599,Safe Flow,94.0,True,True
80027,Late_Night,0.4052996,0.018776372,Safe Flow,18.0,True,True
81629,Late_Night,0.43265823,0.077742614,Safe Flow,82.0,True,True
81737,Late_Night,0.27077115,0.0,Safe Flow,56.0,True,True
81740,Late_Night,0.1650505,0.0,Safe Flow,56.0,True,True
85032,Late_Night,0.45876214,0.0,Safe Flow,252.0,True,True
85033,Late_Night,0.48392278,0.0,Safe Flow,252.0,True,True
85036,Late_Night,0.2817823,0.0,Safe Flow,252.0,True,True
85037,Late_Night,0.3295385,0.0,Safe Flow,252.0,True,True
85045,Late_Night,0.30438483,0.0,Safe Flow,252.0,True,True
85311,Late_Night,0.29822525,0.70580167,Safe Flow,213.0,True,True
85317,Late_Night,0.1854125,0.47331223,Safe Flow,213.0,True,True
85319,Late_Night,0.5125697,0.14377637,Safe Flow,213.0,True,True
85321,Late_Night,0.5535891,0.28175107,Safe Flow,213.0,True,True
86524,Late_Night,0.45347276,0.0,Safe Flow,185.0,True,True
86526,Late_Night,0.39969915,0.076160334,Safe Flow,185.0,True,True
86527,Late_Night,0.6091519,0.066561185,Safe Flow,185.0,True,True
87475,Late_Night,0.48418057,0.091983125,Safe Flow,32.0,True,True
88569,Late_Night,0.4674537,0.5277426,Safe Flow,51.0,True,True
88859,Late_Night,0.7438652,0.04535865,Hidden Danger,259.0,True,True
88941,Late_Night,0.52124566,0.0,Safe Flow,259.0,True,True
89036,Late_Night,0.66479945,0.016455697,Safe Flow,259.0,True,True
89528,Late_Night,0.44983956,1.671308,Safe Congestion,259.0,True,True
91650,Late_Night,0.6856086,0.0,Safe Flow,73.0,True,True
91653,Late_Night,0.34014377,0.0,Safe Flow,73.0,True,True
91655,Late_Night,0.47515494,0.0,Safe Flow,73.0,True,True
91656,Late_Night,0.2885853,0.0,Safe Flow,73.0,True,True
94261,Late_Night,0.65275544,0.0,Safe Flow,183.0,True,True
95433,Late_Night,0.40142035,0.0,Safe Flow,184.0,True,True
97115,Late_Night,0.3982882,0.030590717,Safe Flow,9.0,True,True
98571,Late_Night,0.4413742,0.025527427,Safe Flow,16.0,True,True
98574,Late_Night,0.46876633,0.096097045,Safe Flow,16.0,True,True
98575,Late_Night,0.51334417,0.005274262,Safe Flow,16.0,True,True
98592,Late_Night,0.25728068,0.07151899,Safe Flow,16.0,True,True
99719,Late_Night,0.389586,0.0,Safe Flow,,False,True
101869,Late_Night,0.44920233,0.15052743,Safe Flow,64.0,True,True
102394,Late_Night,0.5330439,0.21687764,Safe Flow,64.0,True,True
103303,Late_Night,0.50793934,0.0,Safe Flow,101.0,True,True
105945,Late_Night,0.35875303,0.066561185,Safe Flow,133.0,True,True
106703,Late_Night,0.68701065,0.1264768,Safe Flow,130.0,True,True
109335,Late_Night,0.53306687,0.6134494,Safe Flow,17.0,True,True
109847,Late_Night,0.39995328,0.18438819,Safe Flow,89.0,True,True
110454,Late_Night,0.608531,1.3506329,Safe Congestion,80.0,True,True
110733,Late_Night,0.46571466,0.040611815,Safe Flow,176.0,True,True
110808,Late_Night,0.47882533,0.4369726,Safe Flow,118.0,True,True
111161,Late_Night,0.35250196,0.0003164557,Safe Flow,43.0,True,True
111705,Late_Night,0.54993266,4.6124473,Safe Congestion,223.0,True,True
112675,Late_Night,0.34157047,0.013607595,Safe Flow,180.0,True,True
112827,Late_Night,0.2860171,0.004746835,Safe Flow,134.0,True,True
113109,Late_Night,0.62193084,0.24799578,Safe Flow,69.0,True,True
113459,Late_Night,0.43779328,0.37394515,Safe Flow,126.0,True,True
113473,Late_Night,0.70862377,0.2850211,Safe Flow,47.0,True,True
113574,Late_Night,0.6590168,0.78333336,Safe Congestion,18.0,True,True
116301,Late_Night,0.26379293,0.06845991,Safe Flow,226.0,True,True
116523,Late_Night,0.26336902,0.0,Safe Flow,252.0,True,True
116524,Late_Night,0.53175056,0.16624473,Safe Flow,252.0,True,True
118511,Late_Night,0.5876183,0.0,Safe Flow,206.0,True,True
119161,Late_Night,0.27739367,0.047257382,Safe Flow,86.0,True,True
120736,Late_Night,0.5621453,0.032120254,Safe Flow,145.0,True,True
120814,Late_Night,0.42312032,0.045042194,Safe Flow,37.0,True,True
122013,Late_Night,0.43219107,0.77172995,Safe Congestion,106.0,True,True
128698,Late_Night,0.49131298,0.10421941,Safe Flow,39.0,True,True
128703,Late_Night,0.5463766,0.055168778,Safe Flow,39.0,True,True
128713,Late_Night,0.49791405,0.096097045,Safe Flow,39.0,True,True
132810,Late_Night,0.38023826,0.0435654,Safe Flow,14.0,True,True
132895,Late_Night,0.24730572,2.7813292,Safe Congestion,191.0,True,True
134035,Late_Night,0.5356916,0.9665612,Safe Congestion,70.0,True,True
134642,Late_Night,0.36922058,0.0,Safe Flow,81.0,True,True
134678,Late_Night,0.68042964,0.081751056,Safe Flow,168.0,True,True
135786,Late_Night,0.5188555,1.7205696,Safe Congestion,80.0,True,True
136584,Late_Night,0.597605,0.0,Safe Flow,203.0,True,True
136703,Late_Night,0.48923624,0.05770042,Safe Flow,220.0,True,True
138592,Late_Night,0.1254874,15.027215,Safe Congestion,38.0,True,True
138734,Late_Night,0.35987714,0.41940928,Safe Flow,168.0,True,True
141511,Late_Night,0.5081653,0.015189873,Safe Flow,14.0,True,True
141997,Late_Night,0.46164176,0.3957806,Safe Flow,76.0,True,True
142287,Late_Night,0.69938743,0.37974682,Safe Flow,256.0,True,True
142608,Late_Night,0.42162764,0.43059072,Safe Flow,195.0,True,True
143289,Late_Night,0.6563618,2.610232,Safe Congestion,223.0,True,True
145345,Late_Night,0.43963462,0.2292194,Safe Flow,126.0,True,True
145368,Late_Night,0.5415625,0.8312236,Safe Congestion,70.0,True,True
145550,Late_Night,0.3072144,0.0,Safe Flow,124.0,True,True
146439,Late_Night,0.48364887,1.4149789,Safe Congestion,138.0,True,True
146440,Late_Night,0.47151393,2.5649788,Safe Congestion,138.0,True,True
146575,Late_Night,0.7088769,0.0,Safe Flow,51.0,True,True
147124,Late_Night,0.48266518,5.857173,Safe Congestion,253.0,True,True
147525,Late_Night,0.69776076,0.0,Safe Flow,33.0,True,True
148076,Late_Night,0.4360777,0.15232067,Safe Flow,65.0,True,True
148556,Late_Night,0.64491504,0.0069620255,Safe Flow,65.0,True,True
149198,Late_Night,0.436221,0.0,Safe Flow,118.0,True,True
149278,Late_Night,0.49006894,0.38670886,Safe Flow,99.0,True,True
149677,Late_Night,0.65377426,0.31265822,Safe Flow,117.0,True,True
150372,Late_Night,0.17337967,1.8572258,Safe Congestion,,False,True
151257,Late_Night,0.5960657,0.17004219,Safe Flow,95.0,True,True
154461,Late_Night,0.23780008,0.24187763,Safe Flow,126.0,True,True
155310,Late_Night,0.5592587,1.3301687,Safe Congestion,99.0,True,True
155613,Late_Night,0.7736895,5.0347047,Critical Bottleneck,191.0,True,True
156013,Late_Night,0.65113705,0.25021097,Safe Flow,83.0,True,True
156016,Late_Night,0.5629276,2.1044304,Safe Congestion,,False,True
156030,Late_Night,0.6943947,0.044303797,Safe Flow,83.0,True,True
156148,Late_Night,0.63769495,0.6667721,Safe Flow,215.0,True,True
156182,Late_Night,0.61188525,7.1111813,Safe Congestion,203.0,True,True
156766,Late_Night,0.31851912,1.5177215,Safe Congestion,,False,True
157532,Late_Night,0.40793195,0.07805907,Safe Flow,21.0,True,True
157643,Late_Night,0.69473344,0.0,Safe Flow,63.0,True,True
157647,Late_Night,0.77144563,1.6263713,Critical Bottleneck,150.0,True,True
157874,Late_Night,0.4168689,0.10464135,Safe Flow,21.0,True,True
157983,Late_Night,0.5047958,0.009177215,Safe Flow,65.0,True,True
158075,Late_Night,0.3801167,0.28270042,Safe Flow,65.0,True,True
158626,Late_Night,0.53257525,0.5377637,Safe Flow,237.0,True,True
158858,Late_Night,0.5589221,4.431962,Safe Congestion,142.0,True,True
159186,Late_Night,0.6201959,3.841772,Safe Congestion,144.0,True,True
160109,Late_Night,0.42124784,0.0,Safe Flow,23.0,True,True
160427,Late_Night,0.53327495,0.0,Safe Flow,245.0,True,True
160985,Late_Night,0.47549513,0.23607595,Safe Flow,14.0,True,True
161549,Late_Night,0.46542284,0.09377637,Safe Flow,108.0,True,True
161584,Late_Night,0.70561,0.010021097,Safe Flow,108.0,True,True
161619,Late_Night,0.51862615,0.81160337,Safe Congestion,55.0,True,True
161623,Late_Night,0.32177645,0.007805907,Safe Flow,55.0,True,True
161764,Late_Night,0.33169585,1.4424051,Safe Congestion,228.0,True,True
161926,Late_Night,0.7075421,0.044514768,Safe Flow,195.0,True,True
162456,Late_Night,0.30655634,0.10664557,Safe Flow,54.0,True,True
162628,Late_Night,0.6927605,0.004957806,Safe Flow,65.0,True,True
163568,Late_Night,0.28345057,0.2528481,Safe Flow,133.0,True,True
163946,Late_Night,0.45768347,0.135654,Safe Flow,217.0,True,True
164862,Late_Night,0.7401104,0.0,Hidden Danger,142.0,True,True
165305,Late_Night,0.66925514,0.8016878,Safe Congestion,80.0,True,True
165612,Late_Night,0.5061345,0.08924051,Safe Flow,229.0,True,True
165861,Late_Night,0.6810223,0.0,Safe Flow,,False,True
166298,Late_Night,0.42213666,0.019725738,Safe Flow,166.0,True,True
166969,Late_Night,0.5910855,0.07415612,Safe Flow,154.0,True,True
167282,Late_Night,0.5216343,0.182173,Safe Flow,91.0,True,True
167890,Late_Night,0.5085311,0.0,Safe Flow,39.0,True,True
168595,Late_Night,0.75916624,0.17320675,Hidden Danger,63.0,True,True
168600,Late_Night,0.6428064,0.009704641,Safe Flow,63.0,True,True
171170,Late_Night,0.5259831,0.5495781,Safe Flow,215.0,True,True
173408,Late_Night,0.68597114,0.37953585,Safe Flow,247.0,True,True
173430,Late_Night,0.51016915,0.31550634,Safe Flow,247.0,True,True
173441,Late_Night,0.53522295,0.07025316,Safe Flow,247.0,True,True
173860,Late_Night,0.37699738,0.9185654,Safe Congestion,120.0,True,True
175565,Late_Night,0.4333563,0.5,Safe Flow,138.0,True,True
175598,Late_Night,0.6702623,0.2306962,Safe Flow,126.0,True,True
179198,Late_Night,0.41162437,0.101054855,Safe Flow,121.0,True,True
184222,Late_Night,0.7103023,0.3471519,Hidden Danger,126.0,True,True
184850,Late_Night,0.4996441,0.0,Safe Flow,124.0,True,True
185961,Late_Night,0.2911452,0.020464135,Safe Flow,247.0,True,True
186606,Late_Night,0.6639114,0.022995781,Safe Flow,21.0,True,True
186614,Late_Night,0.39729422,1.1511604,Safe Congestion,181.0,True,True
188144,Late_Night,0.61455405,0.07373418,Safe Flow,80.0,True,True
189271,Late_Night,0.384556,1.5981541,Safe Congestion,,False,True
190429,Late_Night,0.59000736,0.8486287,Safe Congestion,126.0,True,True
191274,Late_Night,0.46449557,0.0,Safe Flow,76.0,True,True
192731,Late_Night,0.72365916,0.9051688,Critical Bottleneck,64.0,True,True
196367,Late_Night,0.37753958,0.0,Safe Flow,124.0,True,True
221956,Late_Night,0.26479653,0.8210971,Safe Congestion,200.0,True,True
229198,Late_Night,0.382215,0.6085443,Safe Flow,221.0,True,True
232261,Late_Night,0.60754895,0.0011603376,Safe Flow,154.0,True,True
233467,Late_Night,0.7336521,0.2771097,Hidden Danger,64.0,True,True
239592,Late_Night,0.5199909,0.03892405,Safe Flow,66.0,True,True
247930,Late_Night,0.49104822,0.05580169,Safe Flow,66.0,True,True
251526,Late_Night,0.63355476,0.22310127,Safe Flow,247.0,True,True
251715,Late_Night,0.44734704,0.015822785,Safe Flow,190.0,True,True
253123,Late_Night,0.43716547,6.038713,Safe Congestion,257.0,True,True
253127,Late_Night,0.7116633,3.8742616,Critical Bottleneck,257.0,True,True
256272,Late_Night,0.36477512,0.0,Safe Flow,206.0,True,True
256804,Late_Night,0.43346262,0.16729958,Safe Flow,259.0,True,True
259835,Late_Night,0.40320578,0.017405063,Safe Flow,54.0,True,True
261873,Late_Night,0.43035537,0.0003164557,Safe Flow,261.0,True,True
265658,Late_Night,0.2686951,0.0,Safe Flow,245.0,True,True
265921,Late_Night,0.16481093,0.2314346,Safe Flow,33.0,True,True
270791,Late_Night,0.45686612,0.04377637,Safe Flow,153.0,True,True
270793,Late_Night,0.48274297,0.40021098,Safe Flow,153.0,True,True
270796,Late_Night,0.28015321,0.66603374,Safe Flow,153.0,True,True
270800,Late_Night,0.32777676,0.60411394,Safe Flow,153.0,True,True
9000863,Late_Night,0.3041026,0.26656118,Safe Flow,39.0,True,True
9004982,Late_Night,0.29587597,0.051582277,Safe Flow,39.0,True,True
9009104,Late_Night,0.18551864,0.11687764,Safe Flow,,False,True
9009363,Late_Night,0.51129526,2.6667721,Safe Congestion,228.0,True,True
9014212,Late_Night,0.5534959,0.8184599,Safe Congestion,,False,True
9014216,Late_Night,0.45321298,3.4275317,Safe Congestion,,False,True
9014418,Late_Night,0.3983838,0.0,Safe Flow,60.0,True,True
9017010,Late_Night,0.6089865,0.23459916,Safe Flow,41.0,True,True
